feature,value,0,1,2,3,4
attn_0_0_outputs,0,4.3986635,-2.354639,-2.8206723,-1.6696792,-0.5136589
attn_0_0_outputs,1,-1.0903196,4.526765,-0.64823246,-1.1756486,-1.9095837
attn_0_0_outputs,2,-1.5134481,-1.603064,4.424058,-1.6854975,-1.7325327
attn_0_0_outputs,3,-1.1864718,-2.0023332,-1.2872586,4.6266923,-2.4927871
attn_0_0_outputs,4,-2.0804226,-2.071116,-1.4647492,-1.7907292,5.8868237
attn_0_0_outputs,</s>,3.064445,-0.66191727,-1.6692063,0.24184357,-1.2886552
attn_0_0_outputs,<pad>,-0.042299222,-0.2497143,-0.38491416,0.51054454,0.33798444
attn_0_0_outputs,<s>,-0.19247234,0.020382471,0.2901584,-0.34262884,-0.2697987
attn_0_1_outputs,0,5.1667795,-2.5384443,-2.8175702,-1.9651254,-1.982818
attn_0_1_outputs,1,-2.1285288,5.358622,-0.6587801,-1.534819,-0.93964505
attn_0_1_outputs,2,-2.4660926,-1.2872738,4.7857695,-1.6746255,-1.7579404
attn_0_1_outputs,3,-3.3151526,-2.1439316,-2.5288012,5.5720654,-1.751846
attn_0_1_outputs,4,-1.4477965,-2.302107,-0.8510375,-1.0174705,4.8319073
attn_0_1_outputs,</s>,0.5172705,-0.61548847,-0.6869826,0.4175919,0.94191766
attn_0_1_outputs,<pad>,0.41452464,-0.23512065,-0.25462973,-0.5634657,-0.39281043
attn_0_1_outputs,<s>,0.33827642,0.96461487,0.67846876,0.002231521,-0.9948693
attn_0_2_outputs,0,1.7839597,-3.721588,0.5334581,-1.5989944,1.4774015
attn_0_2_outputs,1,-1.16095,2.1506534,0.29739812,-1.3246485,0.1346778
attn_0_2_outputs,2,0.2034529,-0.21244973,-0.09147975,0.83025306,-0.112188585
attn_0_2_outputs,3,-0.88528717,-0.19520505,1.1780382,0.34206253,0.9899014
attn_0_2_outputs,4,-0.0432827,-1.0204133,-1.2111869,1.0887113,1.3815725
attn_0_2_outputs,</s>,0.627383,0.9644124,-0.32142478,1.2559954,-1.3732922
attn_0_2_outputs,<pad>,0.4930899,-0.22005045,0.1566467,0.24491477,0.04427239
attn_0_2_outputs,<s>,0.19322322,-0.5276084,-0.6659643,0.43202865,0.63618714
attn_0_3_outputs,0,2.4335823,-1.4996943,-1.9926416,-1.6862538,-0.45455614
attn_0_3_outputs,1,-1.2716529,2.2943277,-0.34706554,-0.6217192,0.0897997
attn_0_3_outputs,2,-1.1065192,-0.3260403,2.06755,-0.9253779,-0.35422397
attn_0_3_outputs,3,-2.0832179,-0.83885175,-1.4072292,2.8055007,-0.7824934
attn_0_3_outputs,4,-0.24189758,-1.6659658,0.14233163,-1.0143077,1.9189287
attn_0_3_outputs,</s>,0.37429807,-0.13446644,-1.1512376,-0.03830446,0.9411796
attn_0_3_outputs,<pad>,0.39135844,0.4737996,0.30553064,0.47811753,0.20613605
attn_0_3_outputs,<s>,0.49803776,0.0097944895,0.4451394,-0.6929134,-1.1845442
attn_1_0_outputs,0,1.7366736,0.2852293,-0.6074815,-0.7977009,0.3061663
attn_1_0_outputs,1,0.07534152,-0.3185565,0.29822978,-0.19740924,-1.3606666
attn_1_0_outputs,2,-1.3849052,0.34429133,1.4352198,-1.2445095,0.09714535
attn_1_0_outputs,3,-0.43347263,0.16949187,-1.0328833,0.43182966,-0.091046244
attn_1_0_outputs,4,-0.5411838,0.8713371,-0.027133444,-0.9950429,1.7453285
attn_1_0_outputs,</s>,-0.09495806,-0.60395426,1.0078745,0.22161874,-1.5458497
attn_1_0_outputs,<pad>,0.875919,0.37285954,1.0075028,0.014196615,0.27423358
attn_1_0_outputs,<s>,2.0281358,-0.71614766,-0.8155638,-0.2809983,0.40480185
attn_1_1_outputs,0,1.3692135,-0.48784047,-1.1082876,-0.26432452,1.1912541
attn_1_1_outputs,1,-2.3158495,1.0404738,1.1522948,1.2106761,0.09608009
attn_1_1_outputs,2,-0.71526873,0.07401517,-0.085113905,-0.62540525,-0.32498127
attn_1_1_outputs,3,1.6758498,-0.34375495,-1.086849,0.4652774,-0.69742996
attn_1_1_outputs,4,0.03925165,0.36294615,0.30734903,0.014649256,0.051170822
attn_1_1_outputs,5,1.8523703,-1.6911108,1.276203,-0.7194571,1.0208948
attn_1_1_outputs,6,-0.70401174,0.033711076,0.26556057,-0.32390776,0.051898766
attn_1_1_outputs,7,-0.107930444,-0.13332126,0.18706304,-0.21556512,-0.5035426
attn_1_2_outputs,0,1.2156405,0.18639702,-0.44910666,-0.13659552,-0.46504545
attn_1_2_outputs,1,-0.8435942,0.6887177,-0.37929142,-0.40249333,0.45599112
attn_1_2_outputs,2,-0.7214362,-0.18734024,0.72701484,0.42614692,0.94102275
attn_1_2_outputs,3,-0.24335603,-0.1497466,-0.7486754,0.56277686,-0.34427395
attn_1_2_outputs,4,-1.00945,0.44746298,-0.05371671,-0.20577009,1.5546579
attn_1_2_outputs,</s>,1.5807456,0.3428648,-1.2308186,-0.38659668,-0.7312007
attn_1_2_outputs,<pad>,-0.08164001,0.76131546,-0.2606642,-0.0961896,0.17057599
attn_1_2_outputs,<s>,1.0314586,-0.5133077,-0.74239415,-0.0283367,-0.13387497
attn_1_3_outputs,0,4.6103687,-2.4530442,-0.7720519,-1.7111199,-1.2183092
attn_1_3_outputs,1,-1.1677562,3.9562595,0.23408204,-1.5552884,-0.21890953
attn_1_3_outputs,2,-1.7599148,0.44170517,2.728395,-0.58879715,-2.3931124
attn_1_3_outputs,3,-1.2489954,-1.7675833,-0.62853307,3.7815843,-1.3978474
attn_1_3_outputs,4,0.71604824,-2.2962425,0.12933074,-1.1312152,2.282676
attn_1_3_outputs,</s>,0.7350266,0.6118705,-2.532629,-0.7949956,2.1613684
attn_1_3_outputs,<pad>,0.23924287,0.90654385,0.018822055,-0.6884243,0.16164272
attn_1_3_outputs,<s>,-1.8312784,1.389569,-0.7382313,1.7999221,-0.63023305
attn_2_0_outputs,0,1.0567502,0.5701393,4.598476,-8.087191,2.6266184
attn_2_0_outputs,1,-0.09639561,0.3880862,-0.0916397,0.2692357,-0.13110638
attn_2_0_outputs,2,0.6791955,-0.7988176,-0.47618148,-0.14723343,-1.1444037
attn_2_0_outputs,3,0.40862808,-0.4189172,-0.17444047,0.09013639,0.20145926
attn_2_0_outputs,4,1.9860885,-1.3615565,-2.6670904,1.7532779,1.2418813
attn_2_0_outputs,5,1.9157002,0.09439067,0.008902552,0.79484004,-2.337385
attn_2_0_outputs,6,-6.4979544,2.2887573,1.6786234,3.8448799,0.26993498
attn_2_0_outputs,7,3.7010372,-1.9089924,-0.03423205,-1.8254743,-0.32327047
attn_2_1_outputs,0,-4.751105,2.0555675,1.0144886,1.4003003,0.7289252
attn_2_1_outputs,1,3.2866783,-5.9742026,0.6199294,1.8572605,0.5362052
attn_2_1_outputs,2,2.3003442,0.7342812,-5.1840825,2.655952,-0.04741658
attn_2_1_outputs,3,2.4692528,1.1321982,2.1880856,-5.062259,2.2810073
attn_2_1_outputs,4,2.6630588,2.092409,0.47376314,1.7058238,-4.2883205
attn_2_1_outputs,</s>,-2.2475061,0.93271005,0.89442945,1.1615155,-0.9962636
attn_2_1_outputs,<pad>,-0.39918044,-0.3371602,-0.10299469,0.16856192,-0.22554095
attn_2_1_outputs,<s>,-1.9132065,1.5732169,0.8382978,-0.2858863,0.17167991
attn_2_2_outputs,0,1.5959517,-1.1127559,-0.49158275,-0.5892932,-0.54538184
attn_2_2_outputs,1,-0.6082745,2.1960828,-1.3931644,-1.0089221,-0.25095716
attn_2_2_outputs,2,-0.3131288,-1.1005368,1.339195,-0.637155,0.39449197
attn_2_2_outputs,3,-0.39187983,-1.1472309,-0.91697645,1.0582274,-0.5071634
attn_2_2_outputs,4,-0.80013907,-0.7111991,-0.113450125,-0.12999327,1.955291
attn_2_2_outputs,</s>,-0.5039166,0.30039966,-0.44467086,-0.3387876,0.1815467
attn_2_2_outputs,<pad>,0.047372997,-0.09512789,-0.24802285,0.35050213,-0.07122258
attn_2_2_outputs,<s>,1.1310495,-1.0633172,0.29064688,0.31947926,-1.9319451
attn_2_3_outputs,0,0.15297157,-0.22136676,0.14106101,1.2547302,0.18109706
attn_2_3_outputs,1,1.83491,-2.651369,2.0201788,-2.7462292,0.85853344
attn_2_3_outputs,2,-0.63449156,-0.21693796,-1.9202485,1.2033767,0.87868476
attn_2_3_outputs,3,-0.57854474,-0.11637288,1.1469998,0.02708108,-0.99641025
attn_2_3_outputs,4,-0.021230897,-0.46139354,-0.0688128,-0.52070856,0.09784726
attn_2_3_outputs,5,0.157801,-0.06696668,0.16356127,-0.22405934,-0.42274317
attn_2_3_outputs,6,-0.06383788,-0.22575532,-0.21029347,-0.021844324,-0.16684255
attn_2_3_outputs,7,0.35674974,-0.44514796,-0.18471448,0.081297524,0.24650386
mlp_0_0_outputs,0,-1.4156148,0.018766237,-1.8479079,1.3577068,0.5023044
mlp_0_0_outputs,1,0.008908122,-0.0019314539,-0.15105988,-0.18081202,-0.18010156
mlp_0_0_outputs,2,0.73211735,0.53348786,1.0379341,-0.99407184,0.4660647
mlp_0_0_outputs,3,0.6995348,0.3762789,0.5284156,0.07698931,0.49792528
mlp_0_0_outputs,4,-0.89277726,-0.14810406,0.62191117,0.13674372,0.35252488
mlp_0_0_outputs,5,-2.0461984,1.810486,1.1711698,-1.3526809,0.8967598
mlp_0_0_outputs,6,2.1123242,1.3071738,-1.7123052,-0.30500397,-2.6740706
mlp_0_0_outputs,7,1.6911174,-1.4298031,-0.7911751,-0.41899818,1.3920461
mlp_0_1_outputs,0,0.5859121,0.8240905,1.341873,0.47654623,-1.5723654
mlp_0_1_outputs,1,1.272147,-0.10217646,-0.80580693,0.17710951,0.11648828
mlp_0_1_outputs,2,0.30003095,-1.1384015,-1.111665,-0.9441903,1.6353687
mlp_0_1_outputs,3,-2.0897007,0.35468084,-0.07711481,0.45767558,2.1467893
mlp_0_1_outputs,4,0.67306244,0.46563742,0.081941485,0.56374645,0.70248663
mlp_0_1_outputs,5,-1.8983548,2.3202178,-1.522197,2.2826197,0.061059833
mlp_0_1_outputs,6,0.6346511,-0.095369495,-0.20948885,0.10669088,-0.24149144
mlp_0_1_outputs,7,0.38856682,0.22842073,0.022822978,0.108865485,-1.6343788
mlp_1_0_outputs,0,0.2109924,0.44525477,-0.18246983,0.024004312,-0.4264628
mlp_1_0_outputs,1,2.6005383,3.2263772,-4.8252363,2.4842985,-10.174373
mlp_1_0_outputs,2,-0.24307908,-2.132009,4.524583,-1.3633623,-5.2813153
mlp_1_0_outputs,3,1.322002,-1.8426428,-0.099941626,-1.9185284,3.2664125
mlp_1_0_outputs,4,-2.6172225,0.8310851,-0.6585324,0.07423131,1.2516484
mlp_1_0_outputs,5,0.5742358,0.7870716,-1.3035737,-0.5798644,0.8651785
mlp_1_0_outputs,6,0.29369667,0.4351996,0.35566828,0.8194075,0.60753304
mlp_1_0_outputs,7,0.18040851,0.46171778,0.08315435,0.0053826766,-0.032647207
mlp_1_1_outputs,0,-0.40283322,-0.03011058,0.2459339,0.19865638,-0.17755651
mlp_1_1_outputs,1,0.2849159,0.5215765,1.0636759,-0.21884486,0.45689642
mlp_1_1_outputs,2,-0.18226281,-0.38573962,0.56414944,-0.23451531,-0.8134987
mlp_1_1_outputs,3,0.34376422,0.1744312,0.72464824,0.2550034,-0.33158132
mlp_1_1_outputs,4,0.2754943,0.22307049,-0.17101759,-0.07336753,-0.05217137
mlp_1_1_outputs,5,-0.43588153,-0.20099373,-0.04117809,-0.032399848,-0.8935279
mlp_1_1_outputs,6,1.2065482,-0.35995978,0.23667796,-0.5803743,-0.29489917
mlp_1_1_outputs,7,0.034893785,0.17081255,0.5909914,-1.0971725,-0.037180457
mlp_2_0_outputs,0,-1.5678118,0.45369187,1.1947719,-0.18575609,0.326099
mlp_2_0_outputs,1,-0.70729864,-0.10886206,0.43057707,-0.5074481,-0.19287771
mlp_2_0_outputs,2,-0.9645989,-0.7913762,0.84335905,0.7593302,0.83922833
mlp_2_0_outputs,3,1.4851168,-0.51829433,-0.8008551,0.29846507,-0.7039584
mlp_2_0_outputs,4,1.9250579,0.3995331,0.30724367,-0.18090795,-1.7178332
mlp_2_0_outputs,5,-1.9549038,0.48975432,1.699661,-0.77992594,1.3003522
mlp_2_0_outputs,6,1.1474379,-0.28678843,0.24933976,-0.55081975,-0.8222735
mlp_2_0_outputs,7,-0.68358415,0.0028190375,0.4004893,0.04841347,0.45032105
mlp_2_1_outputs,0,-0.106565125,0.17174357,0.038872555,0.08009169,-0.22929335
mlp_2_1_outputs,1,0.058644123,-0.46409836,0.2417174,-0.23074101,0.068499915
mlp_2_1_outputs,2,0.6953067,-0.32071197,-0.18930684,-0.15314752,0.09995842
mlp_2_1_outputs,3,-0.06811971,0.05230803,-0.5010799,-0.16622028,0.015271473
mlp_2_1_outputs,4,0.18412204,0.4430111,-0.11948078,0.18475305,0.20282057
mlp_2_1_outputs,5,0.31722626,0.51714903,0.28302914,0.16543855,0.18431361
mlp_2_1_outputs,6,0.23455217,-0.17562574,0.27554545,-0.6270908,-0.27707043
mlp_2_1_outputs,7,-0.057072215,-0.6452389,0.08642941,-0.20481184,-0.06465883
num_attn_0_0_outputs,_,0.43454358,0.029552985,0.44549805,-1.2544266,-1.0154847
num_attn_0_1_outputs,_,1.8282895,-0.22103597,-1.2720116,-1.1032503,1.744831
num_attn_0_2_outputs,_,0.33421066,-1.0180707,-0.7459294,0.2798556,-0.24040225
num_attn_0_3_outputs,_,0.08305623,1.4812324,-1.7799096,0.9595572,0.05093543
num_attn_1_0_outputs,_,0.40689602,0.13607305,0.6652425,0.8734469,-1.7748263
num_attn_1_1_outputs,_,1.3018126,-0.2770042,-0.06734781,0.41296342,0.5774127
num_attn_1_2_outputs,_,0.27919382,0.057721946,-0.46160927,0.5976681,-0.16438688
num_attn_1_3_outputs,_,0.019471211,-0.4751011,0.44703582,-0.55942327,0.2959601
num_attn_2_0_outputs,_,-4.6808414,-4.952747,1.9004632,0.12056701,4.9246755
num_attn_2_1_outputs,_,-4.9377236,0.91222256,-4.2132063,4.8424644,0.47237366
num_attn_2_2_outputs,_,-2.0448344,3.7945397,3.9674087,-5.0918756,-5.3513236
num_attn_2_3_outputs,_,-0.998406,-0.53003293,0.48627326,0.39446416,1.1860491
num_mlp_0_0_outputs,0,0.41487297,0.004915477,0.5092201,0.39681277,0.4514901
num_mlp_0_0_outputs,1,0.32268304,0.13541803,0.1412646,0.19302118,0.33967546
num_mlp_0_0_outputs,2,-0.15181473,0.061771,0.13970594,0.061336406,-0.46381593
num_mlp_0_0_outputs,3,0.79691327,-0.12943792,0.49217668,0.24565879,-0.038498465
num_mlp_0_0_outputs,4,0.15327588,-0.11108858,-0.26553026,-0.16326477,0.25968665
num_mlp_0_0_outputs,5,1.207002,0.041372135,-0.34440586,0.5543149,-0.2975428
num_mlp_0_0_outputs,6,-0.24597117,-0.019646965,0.08027114,-0.2763276,0.6291606
num_mlp_0_0_outputs,7,0.3223316,0.28597504,0.29285157,0.37349123,-0.11009583
num_mlp_0_1_outputs,0,0.20916317,-0.18204108,0.16803299,0.0066646277,-0.66488284
num_mlp_0_1_outputs,1,-0.41311964,-0.07935468,-0.37285382,-0.045571297,0.6000303
num_mlp_0_1_outputs,2,0.16916452,-0.022057772,-0.57897145,0.0011109288,0.3759954
num_mlp_0_1_outputs,3,0.032793965,-0.13321581,-0.00745651,0.2145112,0.5366413
num_mlp_0_1_outputs,4,-0.34431386,-0.082961865,0.41384166,0.06472587,0.39750633
num_mlp_0_1_outputs,5,0.019194363,0.37724116,-0.45276883,-0.31540537,0.19954373
num_mlp_0_1_outputs,6,-0.14584576,-0.43624324,-0.42599902,-0.34480742,0.79068595
num_mlp_0_1_outputs,7,0.1858822,0.5145712,-0.52090186,-0.31232896,0.582072
num_mlp_1_0_outputs,0,-0.92690754,1.1034564,0.037183072,-0.66789776,0.22773173
num_mlp_1_0_outputs,1,-0.60267997,1.1038331,0.46182418,-0.6653094,0.9436624
num_mlp_1_0_outputs,2,1.8461869,-1.9531277,0.49517813,1.3225907,-2.0713873
num_mlp_1_0_outputs,3,-0.59081393,0.8302583,-0.49714562,-1.030371,0.33965445
num_mlp_1_0_outputs,4,-0.8966584,0.7716066,0.14327972,-1.019621,1.2421684
num_mlp_1_0_outputs,5,-0.6729562,1.2669802,0.24754636,-0.70666194,0.82677066
num_mlp_1_0_outputs,6,-0.20113659,0.54343176,-0.33061448,-0.49629608,0.6275948
num_mlp_1_0_outputs,7,-0.23783402,1.3833041,-0.12015501,-0.61408687,0.115150414
num_mlp_1_1_outputs,0,-4.52261,2.0427217,1.599991,0.437572,0.9425703
num_mlp_1_1_outputs,1,-1.951,0.88248956,0.6762412,0.23718542,-0.036734067
num_mlp_1_1_outputs,2,10.998843,-1.6358702,-2.095145,-1.7184246,-1.8239781
num_mlp_1_1_outputs,3,-0.6371095,0.7694322,0.4434872,0.51290035,0.3890985
num_mlp_1_1_outputs,4,-3.1859748,2.2360983,1.4919003,0.70376885,0.9711808
num_mlp_1_1_outputs,5,-1.6441821,0.49833223,0.35823864,0.2663746,0.13355362
num_mlp_1_1_outputs,6,-1.9017302,0.6990692,0.70286906,-0.15402502,-0.051646914
num_mlp_1_1_outputs,7,-0.6388175,0.23546964,0.16432981,0.3700907,0.51741284
num_mlp_2_0_outputs,0,-0.50151557,-0.5525836,0.7936384,1.0532453,-0.1361348
num_mlp_2_0_outputs,1,-0.69330937,-1.2164897,0.53337,0.59126985,-0.19493648
num_mlp_2_0_outputs,2,-0.7688743,-1.5967689,0.25989538,0.10247614,-0.23871015
num_mlp_2_0_outputs,3,-0.21218957,-0.57282364,0.15222403,0.14940399,0.008501283
num_mlp_2_0_outputs,4,-0.36786634,-0.44014227,0.74858063,1.2686852,-0.48957467
num_mlp_2_0_outputs,5,-0.26014465,-0.34602526,0.86350936,0.3260063,0.14518641
num_mlp_2_0_outputs,6,2.4468963,1.7318541,-1.313349,-1.3016798,-1.0140067
num_mlp_2_0_outputs,7,-0.8695117,-0.8683181,0.38864142,0.383185,0.019721042
num_mlp_2_1_outputs,0,0.41139027,-0.08111328,-0.5247728,-0.03960079,-0.059051085
num_mlp_2_1_outputs,1,0.48814958,0.25901556,-0.19950444,0.65101504,0.24620262
num_mlp_2_1_outputs,2,0.06266956,0.43205336,-0.08359023,-0.11794274,0.12168384
num_mlp_2_1_outputs,3,0.7282137,0.39132804,-0.14801021,-0.024605228,0.06345587
num_mlp_2_1_outputs,4,0.07383834,-0.5595298,0.44673878,-0.70450294,-0.3133184
num_mlp_2_1_outputs,5,-0.5836791,-0.58678865,0.5512612,-0.13599665,-0.06887413
num_mlp_2_1_outputs,6,1.1189368,0.15029052,-0.4548338,-0.20320092,0.3964121
num_mlp_2_1_outputs,7,-0.1051742,0.009841476,0.21478051,0.55650765,0.05330836
ones,_,0.49959126,0.18732817,0.37971485,0.5093511,-0.47655168
positions,0,-0.18827528,-0.050663356,-0.080628514,0.57013655,-0.17630357
positions,1,2.592766,-1.5558246,-1.6038197,-0.13095406,1.0100188
positions,2,-1.4817045,0.6277015,-0.34424984,-0.09861205,0.9902575
positions,3,0.69292253,-0.40875,0.27392012,0.26477033,-0.37441432
positions,4,0.3118255,0.37792495,-0.12775709,0.2906315,-1.0649812
positions,5,-3.304374,0.7263448,0.49327615,2.3499784,-0.05939901
positions,6,-0.5355814,0.79466844,1.50123,0.22127673,-1.3868188
positions,7,0.21708699,0.20202476,-0.6149757,-0.33105364,-0.080922596
tokens,0,0.0034526458,0.57003725,0.4117406,0.4409464,-0.95530283
tokens,1,0.4665446,0.28109866,0.03385573,-0.18118648,-0.1282835
tokens,2,0.14886081,0.4737954,-0.61749154,-0.08883432,0.45220768
tokens,3,0.38353387,0.261701,0.1288909,-0.86503637,0.89743704
tokens,4,-0.48421052,0.976044,0.18642935,-0.1887729,0.09640023
tokens,</s>,0.28316557,-0.6952284,0.008921764,0.11146826,0.33902484
tokens,<pad>,-0.41190413,0.50556195,0.42461234,0.04693978,-0.32682943
tokens,<s>,0.06322212,-0.057571776,0.13348044,0.49008542,-0.19956245
