feature,value,B-LOC,B-MISC,B-ORG,B-PER,I-LOC,I-MISC,I-ORG,I-PER,O
attn_0_0_outputs,0,-0.5317974,-0.3799065,0.60001427,0.31471395,-0.5433567,-0.5721937,-0.3198112,-0.7554667,0.06556261
attn_0_0_outputs,1,-0.8619119,-0.8242742,-1.0489814,1.2219465,-0.2846069,-0.49278903,-0.32170266,0.62394804,0.33892438
attn_0_0_outputs,10,-1.5881058,0.47656286,-1.3301322,0.027713725,-0.9407961,0.5233081,-0.59183246,-1.8543863,0.82163763
attn_0_0_outputs,11,-1.031576,-0.94360626,0.49034557,0.5382956,0.1568252,-0.15036252,-0.096645266,-0.6111233,0.06975825
attn_0_0_outputs,12,0.58890486,-1.8342651,-1.436985,0.46749407,-0.23209244,-0.7744268,-0.4446109,0.17146619,0.4157502
attn_0_0_outputs,13,-0.16736981,-0.9481468,-0.35922194,-0.15335613,-0.617296,-0.18446718,-1.6072414,0.15194337,0.4620245
attn_0_0_outputs,14,-0.025104066,-0.35028458,0.11810249,-0.56938314,0.8749622,-0.0047341096,-0.5070292,-1.2271386,0.68598145
attn_0_0_outputs,15,-0.29503837,1.9221066,-0.45465517,-0.13837227,-1.0879977,0.85682565,0.14886345,-0.67938554,-0.49015933
attn_0_0_outputs,16,-1.1032789,-0.2685509,0.2566633,-0.27133447,-0.9798889,-0.1955686,0.2674442,0.18048313,0.30270633
attn_0_0_outputs,17,-0.6929744,1.315022,-0.5669213,-0.0832879,-1.3455253,0.21190238,-0.21668757,-0.6521322,0.058359183
attn_0_0_outputs,18,-0.37783426,-0.52423227,0.7117343,-0.4720294,0.38942757,-0.58627343,0.07194582,-1.2060502,0.38114747
attn_0_0_outputs,19,-0.21721983,-0.44263726,-0.35240683,-1.0762112,-0.74562836,0.62226945,-0.60019356,-1.1389053,0.4800373
attn_0_0_outputs,2,-0.56679165,0.66494054,0.32358983,-0.07062647,0.3721605,0.013689918,0.094827004,-0.18181625,0.7796871
attn_0_0_outputs,20,0.43461987,0.36687896,0.21461098,0.82058316,-0.4256027,-0.04420493,-0.42555645,0.08857331,-1.1129419
attn_0_0_outputs,21,-0.3189389,-0.34469593,0.39314416,-0.73306894,-0.111495994,-0.81261545,-0.16018753,-0.3725972,0.45302093
attn_0_0_outputs,22,0.09312034,-0.46089804,0.7531965,0.024556564,-1.3384761,-0.118599415,-0.03479941,-0.14279912,0.32705158
attn_0_0_outputs,23,-0.49870634,-0.20017664,-0.7672406,0.47605488,-0.7252401,0.53295237,0.024160933,0.15158665,-0.6088929
attn_0_0_outputs,24,-0.040912148,0.12378152,-1.3675458,1.1772593,-0.07786196,0.09345385,-0.9907713,0.48588935,-0.17985514
attn_0_0_outputs,25,-0.4896848,-0.8571183,0.34307483,0.15609394,-0.84606755,-0.018614998,0.1175968,0.13654958,0.30627653
attn_0_0_outputs,26,0.05094862,-0.359551,0.5844038,-0.14356698,-0.06738594,-0.56725216,-0.040243745,-0.94819486,0.28555247
attn_0_0_outputs,27,-0.9216434,-0.14054753,-0.93901443,-0.08548204,-1.1545893,-1.4212445,-1.2855601,-0.5194879,0.64592516
attn_0_0_outputs,28,0.52229285,-1.2990077,1.8997277,-0.96334046,0.29769656,-1.3932192,0.7204389,-0.026974432,-1.3003123
attn_0_0_outputs,29,0.031783182,-0.8531893,0.61667824,-0.7135779,-1.063413,-0.5575311,0.2415923,-0.5241654,0.033307474
attn_0_0_outputs,3,-0.3833033,-1.1857529,0.96905684,0.15279317,0.4385229,-0.2592557,0.41717318,-1.4177781,0.287228
attn_0_0_outputs,30,0.46424392,-0.66249627,0.069675766,-0.35951415,0.47611272,-0.025532767,0.30607557,1.0095288,0.15853712
attn_0_0_outputs,31,-0.5321759,0.1575449,-0.37326485,0.542001,-0.041410133,-0.30055326,0.14585327,0.5109061,-0.25649953
attn_0_0_outputs,4,0.008701855,-1.4626801,0.021578481,0.3002612,-0.2920091,0.014092475,0.061322838,0.29827982,0.020790426
attn_0_0_outputs,5,-0.9874882,0.07670183,1.0241826,-0.66181,-0.55935717,-0.39304215,0.36292043,-0.84579045,0.26229274
attn_0_0_outputs,6,-0.1292917,0.051727906,0.37063003,-0.08606488,0.031914607,-0.39254856,0.55663484,0.2279123,0.49845964
attn_0_0_outputs,7,-0.7637479,0.16483791,-0.0028779216,0.32477236,-2.1282384,-0.5024042,0.44547254,0.14926437,0.20032822
attn_0_0_outputs,8,0.17196557,-0.36794224,-0.3226757,0.5607314,-0.0317906,-0.2649859,-0.46195346,0.29604098,0.22405335
attn_0_0_outputs,9,-0.38333493,0.22911716,0.3711807,-0.21864952,-0.5419873,-0.28215116,0.6021546,-0.6763687,0.23210885
attn_0_1_outputs,0,0.038421214,-0.07877699,-0.44245037,-0.24472637,-0.72302353,-0.12642165,0.7184948,0.08281759,0.0027338779
attn_0_1_outputs,1,-0.1612972,-0.28390002,-0.19858578,-0.7371498,-0.030745035,-0.5444998,-0.21226758,-0.21210982,-0.050978858
attn_0_1_outputs,10,-0.3181644,-0.021815639,-0.28392163,0.1861025,-0.3112716,0.06042726,-0.14695811,-0.38292888,0.04045145
attn_0_1_outputs,11,-0.041793235,0.29043436,-0.7365381,0.13110504,-0.19396779,-0.85188913,-0.1732357,0.4759653,-0.1818157
attn_0_1_outputs,12,-0.093244486,-1.2755351,-0.25675625,0.08390176,0.1859452,0.0027341105,0.35895973,-0.044626016,0.095209606
attn_0_1_outputs,13,-0.35341233,0.023665356,-0.8756021,0.1900426,0.16354185,0.13816899,-0.20599838,-0.86665344,-0.14234108
attn_0_1_outputs,14,0.1750437,0.008561608,-0.7280516,-0.31220734,-0.99958324,0.53001094,-0.2741979,-0.6379975,0.47819978
attn_0_1_outputs,15,-0.46691623,0.8948487,-0.41066438,-0.22321962,-0.21865101,0.7543122,0.13033538,-0.019537462,0.7844607
attn_0_1_outputs,16,-1.9347242,0.8184812,0.9327153,-0.24906567,-0.13994488,-1.1043681,0.8932865,0.16090651,0.13424474
attn_0_1_outputs,17,0.33909872,-0.011793824,0.4643102,-0.29611534,-0.83936393,0.21721093,-0.4248242,-0.07959773,-0.2000652
attn_0_1_outputs,18,0.12633264,-0.38763243,-0.5970064,-0.42100832,0.740708,-0.54221666,0.44792965,0.73255545,-0.15548258
attn_0_1_outputs,19,0.43562582,-0.24312942,-0.59258544,-0.4830176,0.8954958,-0.3976202,-0.61580276,-1.0390908,0.032107193
attn_0_1_outputs,2,0.024398554,-0.29805237,-0.34193772,-0.6060175,1.1477464,0.03835765,0.41616645,0.4933945,0.06013368
attn_0_1_outputs,20,0.2780234,-0.26961762,-0.12308897,0.46553105,-0.04832073,-0.925757,-0.09593092,1.101729,-0.614906
attn_0_1_outputs,21,-0.89318067,0.21987252,0.055576988,0.4989562,-0.4577516,-0.71924293,-0.2512907,-0.013122502,-0.4214759
attn_0_1_outputs,22,0.53772223,-0.015052606,0.107039094,0.2648364,-0.6471795,0.07158035,-0.39166668,-1.5895038,0.1574226
attn_0_1_outputs,23,-0.25185505,-0.5532575,-0.21900536,-0.00045607518,-0.007184236,0.00051323883,-0.6150798,-0.19184981,-0.19154847
attn_0_1_outputs,24,0.080327496,1.4754834,-0.16119847,-0.4837124,0.34231627,0.241491,0.008334752,-1.3329203,-0.14686707
attn_0_1_outputs,25,-1.5683216,-0.6586776,0.051964514,-0.61848336,-0.09923196,0.28253922,0.7779485,0.5199165,0.440678
attn_0_1_outputs,26,-1.0490564,0.3534779,0.56268287,-0.20490056,-0.7329177,-0.75948864,0.84752333,-1.1303169,-0.1418186
attn_0_1_outputs,27,0.27398044,-0.51848435,-1.1839075,-0.45457602,-0.0029825924,0.8462504,0.23210467,0.21196756,0.25828248
attn_0_1_outputs,28,-1.2012594,-0.35398597,1.1644346,-0.1765031,-0.5560343,-0.8256758,-0.45570925,0.49199897,-0.051700152
attn_0_1_outputs,29,0.33004782,-0.3077714,-0.38106123,0.11651019,-0.4599462,-0.5361335,-0.011527164,-0.13630512,0.046547234
attn_0_1_outputs,3,0.50680786,0.1034916,-1.0740929,0.20389701,-0.5006905,-1.2527485,-1.1973774,-1.5700731,-0.28397733
attn_0_1_outputs,30,-0.04647714,-0.7913462,0.24728772,-0.307868,0.006226554,0.076298036,-0.05068206,0.20523737,-0.1331091
attn_0_1_outputs,31,-0.30253506,0.2964332,-0.33971408,-0.33543926,0.15774064,-0.94736797,0.6115607,0.22933769,0.18358386
attn_0_1_outputs,4,-0.2442999,0.1258566,0.25350907,0.7314022,0.37146962,1.1706872,0.52041066,-0.62402743,0.4469453
attn_0_1_outputs,5,-0.79195905,0.054447398,0.766771,-0.67102486,-1.3775076,0.4427278,0.34312317,-1.8576752,-0.14482656
attn_0_1_outputs,6,-0.08583568,-0.3813528,0.35478243,-0.18814155,-0.034292884,-0.34716246,0.88301367,0.4431816,0.7424986
attn_0_1_outputs,7,-0.9784529,-0.2626371,0.10539526,0.98256636,-1.1661668,-0.12061938,0.16747195,0.47046033,-0.17179699
attn_0_1_outputs,8,0.2626837,-0.5842725,-0.13554618,0.1664624,-1.2684529,-0.060552757,-0.1474027,0.4340125,-0.56735003
attn_0_1_outputs,9,-0.69706565,-0.5536918,0.26010096,-0.9852229,-0.35143352,0.10276064,0.32575655,1.4122584,-0.0018538847
attn_0_2_outputs,0,-0.213566,-0.109741226,0.35933137,-0.32040557,-0.6989903,-0.008541206,-0.2585553,-0.47821924,0.1144365
attn_0_2_outputs,1,-0.24005918,0.030216573,-0.20197885,0.07169546,-0.3768308,-0.32116205,-0.10012818,0.4209473,0.12300343
attn_0_2_outputs,10,-0.6258573,-0.14296624,-0.5928156,-0.17253423,-0.72821254,0.20757177,-1.4767376,-0.81401443,0.024307745
attn_0_2_outputs,11,-0.5015962,-0.02572204,-0.5186355,0.41127607,-0.6335736,-0.084210895,-0.5125598,-0.08120262,-0.13284345
attn_0_2_outputs,12,-0.52746004,-0.82098395,-0.038126998,0.01103935,-0.43068725,-0.10107338,-0.5415196,-0.2938108,0.11942998
attn_0_2_outputs,13,-0.6824775,-0.14512897,0.077619866,0.08465493,-1.0185564,0.31521317,-0.70421296,-1.0332963,0.5881648
attn_0_2_outputs,14,-0.11569074,-0.08605832,0.2283511,-0.12750642,-0.57459474,-0.1718227,-0.12428563,-0.8551072,0.094742306
attn_0_2_outputs,15,-0.2094361,-0.06528411,-0.4370309,0.35607028,-0.15565333,0.8295045,-0.44567493,-0.5637315,0.0648793
attn_0_2_outputs,16,-0.71728736,-0.7044369,0.42446983,-0.81392324,-1.204757,0.7056082,0.6407251,0.19264027,0.3891691
attn_0_2_outputs,17,-0.2891731,0.35058868,-0.5157443,0.15058517,0.1597958,0.69333893,0.13638929,-0.2145557,0.43712077
attn_0_2_outputs,18,0.1193176,-0.0064763296,-0.12320143,-0.18600495,0.3461553,-0.41492707,0.31256565,-1.1733425,0.22822301
attn_0_2_outputs,19,-0.058802843,0.25982413,-0.016134692,-0.6162711,-1.6308116,-0.12066924,-0.2592433,-0.7505353,-0.014666558
attn_0_2_outputs,2,-0.22205994,-0.20191354,-0.09610004,-0.38683677,-0.17792933,-0.45229796,-0.041241366,-0.21269369,0.13664035
attn_0_2_outputs,20,-0.33104014,0.21996842,-0.42343873,-0.3831429,-0.0052790516,0.103420414,-0.23282753,-0.54254514,0.16064799
attn_0_2_outputs,21,-0.6881836,-0.48481125,0.12071059,-0.17200853,-0.9260713,-0.6285946,0.21287557,-0.50090176,0.06534856
attn_0_2_outputs,22,-0.2743732,-0.0234656,0.15956466,-0.26715896,-1.0925615,0.21521181,-0.17976479,-1.8346864,0.3264577
attn_0_2_outputs,23,-0.61153495,-0.7805285,-0.22993828,-0.07288512,-0.24178588,0.023571616,0.1345163,-0.014085019,0.085161075
attn_0_2_outputs,24,-0.48786128,-0.71388435,-0.42204967,-0.41082677,-0.8004473,0.94987035,0.5338995,-0.4257611,0.11117882
attn_0_2_outputs,25,-0.85709065,-0.7425011,-0.1864288,-0.21452425,-0.8338479,-0.00550572,-0.20918718,-0.9395076,0.48877922
attn_0_2_outputs,26,-0.20116675,-0.23045067,0.49552852,0.47622016,-0.30977222,-0.45620403,0.3623904,-0.20664768,0.49581125
attn_0_2_outputs,27,-0.19316395,-0.029963585,-0.5683419,0.02555192,-0.35781303,-0.5323262,-0.22273864,-0.41117117,-0.10005949
attn_0_2_outputs,28,-0.08569238,-0.16669102,0.345876,0.11773385,-0.3144775,-0.18170622,0.55142075,-0.22492936,0.28509107
attn_0_2_outputs,29,0.2037798,-0.66998124,-0.084332466,0.027986802,-0.58253217,-0.6576134,0.11573619,0.118138276,0.27863577
attn_0_2_outputs,3,0.061696403,-0.47969785,-0.408826,-0.4483277,0.6148595,-0.5791307,-0.3618345,-0.03505569,-0.0059739724
attn_0_2_outputs,30,-0.16022025,0.34955364,0.11467668,0.21031994,-0.53657514,0.6767133,-0.12348321,0.2900244,0.28963464
attn_0_2_outputs,31,-0.4841806,-0.6729461,-0.41984886,0.07780115,-0.539576,0.29861265,-0.5368113,0.18708588,-0.035889216
attn_0_2_outputs,4,0.29548928,0.12364328,0.4913629,-0.07853169,-0.1607244,0.3050841,0.08736243,0.33897978,0.43525988
attn_0_2_outputs,5,0.3006617,-0.6564623,-0.09822866,-0.14915968,-0.5307873,-0.12132221,0.33262557,-0.51027596,0.124706924
attn_0_2_outputs,6,0.19791198,-0.28951135,0.20412044,0.0076186196,-0.42168033,-0.9359856,0.18070234,0.44615346,0.3888189
attn_0_2_outputs,7,-0.38391533,0.124263905,0.5173277,0.65500265,-1.3794981,-0.2292665,-0.04637466,0.2542946,0.50582707
attn_0_2_outputs,8,-0.6537985,0.11394146,-0.4757751,0.08317449,-0.22352487,-0.2860932,-0.002389997,0.97139955,0.122298196
attn_0_2_outputs,9,0.3645827,-1.0835619,0.07540278,-0.36387244,-0.01958227,-0.2691334,0.00063978013,-0.00095949305,-0.18393545
attn_0_3_outputs,0,-0.6208689,-0.752323,0.15845516,0.0550522,0.4406518,1.1238728,-0.262778,-1.0589134,-0.13713153
attn_0_3_outputs,1,-0.2397029,-0.9524605,-1.3469213,-0.9764045,-1.2358646,-1.4532673,-0.20096277,1.3890587,0.6563217
attn_0_3_outputs,10,-0.23371314,-0.57969135,0.37553564,-0.80247015,0.68663394,0.5133892,-0.4639242,-1.1950544,0.50552654
attn_0_3_outputs,11,-0.35689682,-0.15830798,-0.53520066,-0.74760306,-0.111601084,-0.6316176,0.44979614,-0.37154827,0.3270973
attn_0_3_outputs,12,0.026552377,-0.6263543,-0.15402539,0.9178265,1.5693023,-1.1165243,-1.0638083,-2.5486348,0.057363745
attn_0_3_outputs,13,-0.3288554,-0.24199274,-0.4561686,0.56177217,-1.2612543,-1.8981857,-0.78969955,-1.3654567,0.47809005
attn_0_3_outputs,14,0.5603789,0.4809781,-0.31861266,0.3273017,-3.039432,-0.11838787,-1.5292417,-2.523775,0.02391927
attn_0_3_outputs,15,-1.1143826,-1.6544949,-0.5288788,-0.38676757,0.9182511,0.27024463,0.7209163,-0.26054558,0.68720853
attn_0_3_outputs,16,-0.89868593,-0.84308857,-0.21870239,0.38445574,-1.8375612,-2.256601,1.7443573,1.9088739,-0.687743
attn_0_3_outputs,17,-0.6073308,-0.19688633,-0.28080592,-0.68033683,-1.0130055,0.30803877,-0.7157039,1.559312,0.026276695
attn_0_3_outputs,18,1.6434438,0.20478506,-0.59759957,-0.13548139,-1.3304267,-1.4612304,-1.0947285,-0.8562699,0.5495114
attn_0_3_outputs,19,0.25657833,0.45980337,0.06343905,0.31421822,-1.1977987,-0.9475677,-1.4225878,-1.6095983,-0.17657335
attn_0_3_outputs,2,-0.22990078,-1.2054129,-0.07463886,0.122235514,-0.9949865,-1.2993723,0.3061933,-0.12563659,0.3696085
attn_0_3_outputs,20,-0.4512558,-1.2333122,-0.63728505,-0.91167456,2.063926,1.256699,0.28855333,1.487869,-0.32392102
attn_0_3_outputs,21,-0.1621972,-0.49891785,-0.70128965,0.37381017,-0.80611557,-1.2794465,0.53431004,-1.9889643,0.1815644
attn_0_3_outputs,22,-0.6410664,-0.41473493,-0.22783612,-0.8618424,-0.33879572,-0.5954802,-0.19610453,0.41134605,0.3133875
attn_0_3_outputs,23,-1.433936,-0.7877923,-0.5709502,-0.5419729,-0.24516897,0.21985143,0.0685913,1.7538863,-0.16888683
attn_0_3_outputs,24,-1.1013627,-0.38755387,-1.1007298,-1.3741888,-1.318261,1.5538737,-0.56479967,1.1124982,0.25075117
attn_0_3_outputs,25,0.019966315,-0.19717439,0.09878918,-0.5331107,-1.0094944,-0.58392173,0.2770702,0.8715088,-0.4212902
attn_0_3_outputs,26,0.16087808,0.07814417,0.081688076,0.8442134,-1.4946886,-0.57403207,0.7536908,-1.512455,0.34113568
attn_0_3_outputs,27,0.14426212,0.58936065,-0.51111937,0.12555334,-0.93069386,-1.3921686,-1.7803234,1.465974,0.5329161
attn_0_3_outputs,28,-1.6407708,-1.4041555,-0.5305778,-1.5073167,0.47831833,2.4922864,1.7359487,-0.8258023,-0.20022489
attn_0_3_outputs,29,-0.42263964,-1.0603633,-0.45799813,-0.6892774,0.17794427,-0.2688251,0.73773956,0.4511574,-0.12756626
attn_0_3_outputs,3,0.6601045,0.9991601,-0.7033713,-0.16356924,-0.5274228,-1.6844457,0.5601382,-1.4826349,0.048215266
attn_0_3_outputs,30,0.31591827,-0.7441828,0.308858,-0.14599353,-1.7040733,-1.9632107,-0.20147635,-0.9910493,0.080606304
attn_0_3_outputs,31,-0.51978755,-1.0487865,-0.80682504,-1.4188309,1.1470158,0.099795096,0.94890916,1.0518832,-0.15251929
attn_0_3_outputs,4,0.5090714,-0.18194716,-0.048372697,0.7633905,0.14567614,-0.97358423,-0.58218,0.9008695,0.24580052
attn_0_3_outputs,5,-1.1434661,-0.1025618,-0.6253892,-0.1688608,0.41744846,0.41808724,0.4332019,-2.9469159,0.4503469
attn_0_3_outputs,6,-0.13438131,-0.282014,0.2341552,0.13767412,-0.050681178,-0.33696458,-0.15504472,0.13261361,0.22458564
attn_0_3_outputs,7,-0.19165327,0.19878487,-0.09072363,1.1605736,-1.4291513,-1.09641,-1.2264717,-1.9976944,-0.29726294
attn_0_3_outputs,8,-0.5211371,0.64092445,0.12920155,0.4464962,0.23425192,0.4384732,0.89224505,-1.8958894,0.55410004
attn_0_3_outputs,9,0.35657898,-0.4588454,0.12719257,0.38079306,-1.2340057,-2.0206547,-0.7000879,-0.6534655,0.103963226
attn_0_4_outputs,0,-0.7243953,-0.3652561,-0.16401443,0.01121309,-0.32519886,-1.0301768,0.5235279,-0.59410286,0.15690742
attn_0_4_outputs,1,-0.4751711,-0.31961867,0.3169294,-0.2914234,-0.44324562,-0.52836454,0.12958227,0.15470986,0.15579422
attn_0_4_outputs,10,-0.29511625,0.3666418,-0.49269775,0.57999974,-2.0275755,-0.43021432,-0.36087045,0.066798754,0.6926204
attn_0_4_outputs,11,-0.3693417,-0.329861,-0.031627554,-0.16202301,-0.13172038,0.061266784,-0.19251308,-0.43623877,-0.48866397
attn_0_4_outputs,12,0.047800783,-0.42111242,-0.41000843,0.25416422,0.40624422,-0.41387042,-0.28571352,0.6756734,0.56923485
attn_0_4_outputs,13,-0.11681742,-0.10096462,-0.44030944,-0.13388225,0.13240622,0.6738896,-0.2857947,0.39583588,0.4906458
attn_0_4_outputs,14,0.183786,0.27194896,-0.6725593,-0.04312369,-0.7809278,0.037828322,-0.88949746,-0.53483003,0.6957884
attn_0_4_outputs,15,-0.4770556,0.85952795,-0.40154693,-0.32108444,0.20589764,0.6189949,-0.46405804,-0.66280305,0.36472452
attn_0_4_outputs,16,-1.2255741,-0.5814922,0.79752475,0.017925462,-0.8051044,-0.68012047,0.57288593,0.37289253,0.270888
attn_0_4_outputs,17,0.57657635,0.14817956,0.15300828,-0.27073458,-0.040649712,0.52255636,-0.21972258,-0.30411395,0.008256718
attn_0_4_outputs,18,-0.6737829,-0.17249785,0.43545264,-0.9510347,0.16527079,-0.32060552,0.13991986,0.15184937,0.15024683
attn_0_4_outputs,19,-0.2741327,-0.21983384,-0.17325485,-0.38723037,-0.14368697,0.21426614,-0.00092466496,-0.93431926,-0.10560565
attn_0_4_outputs,2,-0.47590795,-0.34918106,-0.3388805,-0.31576088,-0.0901527,-0.31206283,-0.009575073,-0.160359,0.032549113
attn_0_4_outputs,20,-0.22411576,-0.39058146,-0.25417873,-0.28903836,-0.58187026,0.6118349,-0.15293956,0.14958563,-0.19550566
attn_0_4_outputs,21,0.06931096,-0.24848382,-0.649124,-0.19163296,-0.109321825,-0.7897039,0.38451365,-0.93556875,-0.383918
attn_0_4_outputs,22,-0.042668637,-0.15944365,-0.9973777,-0.41952804,-0.04457874,-0.36532664,-0.75073117,-0.6329743,0.42680755
attn_0_4_outputs,23,-0.5046115,-0.51293975,0.07066887,0.061259408,-0.53186965,-0.19489418,-0.57351524,0.38313812,-0.16006957
attn_0_4_outputs,24,-0.40412086,0.35261905,-0.6222324,-0.6845919,-0.66589046,0.8479177,-0.0714566,-0.79252964,0.056377158
attn_0_4_outputs,25,-1.449188,-0.8094825,-0.29166323,-0.4676501,-0.19699632,0.0022643078,0.27148354,0.88745064,-0.087161385
attn_0_4_outputs,26,-0.9466051,-0.25578576,-0.32291573,-0.18622506,-1.8351121,-0.47263518,0.73549545,-0.12512271,0.49713707
attn_0_4_outputs,27,-0.43050826,-0.2821505,0.10249229,0.15967824,0.18789865,-0.5361295,0.67544156,0.5199609,0.12760031
attn_0_4_outputs,28,0.10302057,-0.6191948,0.2630886,0.070381425,-0.6311844,-0.38179287,0.5874948,0.08402915,-0.24905168
attn_0_4_outputs,29,-0.2148736,0.33677796,0.06230343,-0.40970206,-0.43607706,-0.18658368,0.24108167,-0.021606406,-0.28283074
attn_0_4_outputs,3,1.1804471,0.040786453,-0.77068913,-0.36664543,0.28730378,0.09104533,-0.17725424,0.023940012,-0.33913544
attn_0_4_outputs,30,0.3397467,-0.99491036,0.010712223,0.18235928,0.3333898,-0.9678141,0.63971615,0.04989678,-0.21017312
attn_0_4_outputs,31,0.0952227,-0.31414813,-0.1491313,0.5459118,-0.9044243,-0.84317577,-0.6013397,-0.16813037,-0.25963405
attn_0_4_outputs,4,0.7518405,-0.66786766,0.5549505,0.83478343,1.1536081,-0.40042058,-1.7258577,-1.1425812,-0.36890727
attn_0_4_outputs,5,-0.17882161,-0.6969068,-0.17568052,-0.6062073,-0.77851236,-1.1232299,-0.26679596,-0.6974722,0.6012894
attn_0_4_outputs,6,-0.22999278,-0.7531309,-0.28848773,-0.7637236,-0.36968032,-0.27277708,-0.045859955,-0.606505,0.28917846
attn_0_4_outputs,7,-0.8222576,-0.21471865,-0.23006754,0.51137376,-0.8835701,0.23391569,0.08827846,0.38942698,0.114389725
attn_0_4_outputs,8,-0.028372463,-0.039573684,-0.039161075,0.0727776,-0.87859654,-0.99917924,-0.27470306,0.2918622,0.23141228
attn_0_4_outputs,9,-0.015495334,-1.1211534,-0.49819225,0.018064143,-0.23426525,-1.4699012,0.19809973,-0.4018057,0.11843849
attn_0_5_outputs,0,-0.9747686,-0.5313054,0.27093443,-0.72869164,-0.33558697,1.406503,0.81911194,0.8674649,0.48152655
attn_0_5_outputs,1,-0.12829274,-0.6948985,0.1664309,0.16981566,-2.2999954,1.2245457,-2.4477866,-0.006884286,0.10766043
attn_0_5_outputs,10,-0.4861989,1.0258454,-1.279995,-1.3110287,-0.47588784,0.878614,-1.6557283,2.5260355,-0.67439735
attn_0_5_outputs,11,-0.3498152,0.14260416,-0.40236622,-0.5973182,-0.72818595,-0.16795658,-0.8077861,-0.1722489,0.6163986
attn_0_5_outputs,12,-1.7026571,-1.0878869,-0.9795577,-0.0026229857,1.4076487,-0.48319542,-0.46764383,1.1787107,-0.5565706
attn_0_5_outputs,13,-0.9651612,-1.4535381,-1.2784649,0.24523868,-2.0631347,0.40993905,0.7499852,-1.877656,0.8137903
attn_0_5_outputs,14,-0.23327954,-0.6803432,0.18192121,-2.2492788,0.60009515,-0.46601433,0.75685024,-3.3120794,0.086602844
attn_0_5_outputs,15,-0.5387516,-0.801062,-0.42559373,-0.8057414,-0.36182085,0.7300239,1.1515111,0.6921802,0.0729891
attn_0_5_outputs,16,-0.89384514,-0.45466995,0.058555853,0.0009092585,-1.4959556,0.84682125,0.653504,0.17585516,-0.21242522
attn_0_5_outputs,17,-0.0876544,0.3221545,-0.0006915311,-0.19752021,-1.7098645,0.20686156,-1.0286914,-1.338405,-0.3183054
attn_0_5_outputs,18,-0.38865286,-1.119249,0.105630845,-1.5923994,0.9841931,-1.9467714,1.2229797,-1.1252341,-0.024917113
attn_0_5_outputs,19,-0.5172349,0.9119125,0.026675226,-1.0067074,1.0084045,-0.13276699,-0.38943642,-0.38695318,-0.36989573
attn_0_5_outputs,2,-0.4590654,-1.6694475,0.39242464,-0.40164423,-1.5053904,-1.8418152,1.1280721,1.0380194,0.46837592
attn_0_5_outputs,20,0.33274552,-0.014752065,-0.5407312,0.116463624,0.2029991,0.10653463,0.0015985494,-0.12943144,-0.38857365
attn_0_5_outputs,21,0.14192188,0.2707885,-0.23308945,-0.2598741,-1.0459456,-0.68537605,-0.0927354,-2.6696644,0.06491186
attn_0_5_outputs,22,-0.23445109,0.16331992,-0.34907055,-0.16767663,-1.0960867,-2.4979775,1.6968765,-2.1654732,0.22435383
attn_0_5_outputs,23,-1.2530249,-1.1848264,-1.230661,-0.22977999,-1.3360744,-0.9678719,-0.20875746,1.3455304,0.11937703
attn_0_5_outputs,24,-1.2179382,-0.71192765,-0.61412525,-1.657428,-0.18441452,0.49460873,-0.6098965,3.384822,0.11558878
attn_0_5_outputs,25,-0.28072202,-0.03203034,-0.5005187,-0.28322053,-1.0043347,-1.74101,-1.3971454,-1.4624898,0.9013597
attn_0_5_outputs,26,-0.07260096,-0.14581446,0.97384703,1.2991174,-1.7192291,-0.82969457,-1.0688013,-1.2293236,-0.097238645
attn_0_5_outputs,27,-0.166033,0.08758864,-0.3185198,0.20871386,-0.6135678,-1.9553308,-1.4996822,-0.89200824,0.16240384
attn_0_5_outputs,28,-0.30989832,0.23990646,-1.8062775,-0.8561825,-2.8534987,1.5299665,1.2907245,2.3834643,-0.4086505
attn_0_5_outputs,29,-1.533714,-1.5688249,-0.0009772216,0.31837463,-1.2215835,0.014084073,-0.024049444,1.2343329,0.45432195
attn_0_5_outputs,3,0.00855438,-0.86221826,-1.0167046,-0.65531445,1.2082186,0.9024301,1.018547,-0.6512921,-0.30140945
attn_0_5_outputs,30,-0.80965906,-0.5882965,1.2218418,-0.8235375,0.67280924,-1.0250491,0.30449846,-1.4954664,0.37853357
attn_0_5_outputs,31,-0.90844685,-0.306442,-0.7887664,0.39923036,-1.0541363,-1.001496,-1.5627207,0.24548374,0.83987546
attn_0_5_outputs,4,0.43139663,-0.5831248,0.028879147,1.245699,-0.5330348,-2.1045008,-2.3816302,2.0268545,0.2392303
attn_0_5_outputs,5,0.5524054,-0.08707558,0.08551725,-0.37639666,-2.61306,-1.7330494,-2.3928397,-1.1963516,0.23427053
attn_0_5_outputs,6,-0.46960008,0.0023700942,-0.23028572,1.4328463,-1.1693745,-1.4810833,0.048397668,-0.37123418,-0.33133852
attn_0_5_outputs,7,-1.3983159,-0.637259,0.7973877,-1.3618248,-0.13653585,0.36531335,-0.7293704,0.24015318,0.31552032
attn_0_5_outputs,8,-0.60336703,0.37145713,-1.2175753,-0.54035157,0.33392528,1.2973145,0.44679043,-0.8251571,0.027003227
attn_0_5_outputs,9,-0.052060496,-0.123669244,0.9763951,1.0262957,-2.1621246,0.02856239,-1.5739092,-1.5915959,0.42903486
attn_0_6_outputs,0,-0.5745827,-0.25949064,0.052278403,1.1275306,-1.0354674,-0.10825062,0.30149427,-0.9223821,-0.32374817
attn_0_6_outputs,1,-0.9179928,-0.7519194,-0.35942316,-0.27217796,-0.28643423,0.2031804,-0.90672433,-0.056501504,0.0772803
attn_0_6_outputs,10,-0.5025332,0.043074254,-1.2461498,-0.88452685,-0.71134657,0.2857886,-1.2124363,1.0518256,-0.5363035
attn_0_6_outputs,11,-0.62952644,-0.09048283,-0.7035318,-0.52035815,-0.91957575,-0.67440903,-0.0855012,-0.0947021,-0.36082375
attn_0_6_outputs,12,0.9333339,-1.1132039,-1.1185797,-0.6379365,-0.41173327,-0.9306929,-0.656642,0.9530021,0.3914714
attn_0_6_outputs,13,0.2903904,-0.59727794,-1.2184464,-0.54274297,-0.18165351,-0.7614427,0.1339205,0.24239871,0.5264479
attn_0_6_outputs,14,-0.1714887,-0.109949954,-0.15706176,0.1295814,-0.56756854,-0.7246213,-0.9814219,-0.37370378,-0.44328883
attn_0_6_outputs,15,-0.2709892,0.056113422,0.49572343,-0.6717049,0.4895017,0.004862473,0.65109813,-0.27816752,0.59550506
attn_0_6_outputs,16,0.03882144,-0.6690442,0.5254469,-1.2188071,-0.682067,0.41340297,0.7059688,0.60865843,0.76374215
attn_0_6_outputs,17,-0.25855488,0.4454507,0.1192584,-0.44196403,-0.33186615,0.1294226,-1.2464163,-1.9163883,-0.49333945
attn_0_6_outputs,18,-0.3854338,-1.11536,0.35076025,0.48239323,0.39445618,-0.29953372,-0.11513835,-0.8143529,-0.29534057
attn_0_6_outputs,19,0.318546,-0.28394428,-0.4178901,0.19066122,-0.53717655,0.1597649,0.48057273,0.3890217,0.22085936
attn_0_6_outputs,2,-0.6903247,-0.3117067,-0.11194898,0.40243968,0.28886238,0.7958648,-0.12340705,-0.62828726,-0.0553139
attn_0_6_outputs,20,0.10557883,-0.15878916,-1.0988235,-1.0611011,0.6094943,-0.20830186,-0.012580362,0.6302636,0.07874905
attn_0_6_outputs,21,-0.24444075,-0.034431703,0.11821409,0.42606923,-1.1294037,-0.29532924,-0.8825641,-0.4713324,0.06324383
attn_0_6_outputs,22,-0.05960111,0.03801238,-0.4859957,0.115738764,-0.21396053,-1.2228222,-0.5139724,-1.7565649,1.2105645
attn_0_6_outputs,23,-1.7997831,-0.93645877,0.07215914,-0.13943438,-1.0071565,0.06752912,0.27652326,0.13058853,0.40724248
attn_0_6_outputs,24,-0.68843865,-1.562924,-0.46537393,-1.1254803,-0.26600513,0.9539786,1.1332991,-0.14128628,-0.022447962
attn_0_6_outputs,25,-0.30820823,-0.011544444,0.14657684,0.000905256,-0.7022016,0.50396603,0.319367,-1.2918545,-0.01965511
attn_0_6_outputs,26,-0.46525955,0.6876895,0.2564511,0.29115346,-0.7378278,-0.38143203,-0.17990318,-1.8182129,-0.14317901
attn_0_6_outputs,27,-0.744939,-0.38561204,-0.96322846,-0.94863605,0.6534039,-0.34120503,-0.3218425,-0.32727414,0.6951845
attn_0_6_outputs,28,-0.5388963,-0.80241853,-0.02485399,-0.47030982,0.27903578,0.6750914,-0.092935495,0.7635334,0.35753968
attn_0_6_outputs,29,0.09804962,-0.6273726,-0.04599083,-0.9941549,0.6324703,-0.0684348,-0.16387022,0.18649073,-0.11623963
attn_0_6_outputs,3,0.51171803,-0.6804192,-0.30661595,0.06829882,0.14415777,0.11545343,0.28359288,0.43085217,-0.13656199
attn_0_6_outputs,30,-0.35361183,0.26938447,0.38617355,-0.45970294,-0.9555515,0.26986074,0.44683272,0.011900957,-0.071580745
attn_0_6_outputs,31,-0.29358014,-0.3743097,-0.032599293,-0.4962608,0.76201093,0.3794183,0.52157617,1.0352482,-0.12898573
attn_0_6_outputs,4,-0.062149603,-1.0171459,-0.13521135,0.14935811,0.7110339,0.30043012,0.26999733,1.2761043,-0.32769528
attn_0_6_outputs,5,-1.0533055,0.39514893,-0.19668289,-0.63082325,-0.33967534,-0.9159703,0.100459635,-0.72809356,0.23856719
attn_0_6_outputs,6,-0.713721,-1.0037503,0.09769567,-0.1799643,-0.3118377,-0.7322465,1.1348517,-0.030541148,0.24424495
attn_0_6_outputs,7,0.05886492,0.15269232,0.12329472,0.93458784,-1.6803526,0.2900252,0.13003789,0.13522996,-0.56551886
attn_0_6_outputs,8,-0.5352677,0.18762738,-0.93508446,0.9133324,-0.5540848,-1.235619,-1.0991496,0.16257976,-0.055973783
attn_0_6_outputs,9,-1.2808348,-1.4491462,0.0320201,-0.7417811,0.93923396,0.5778968,-0.13599265,-1.4554268,-0.14099193
attn_0_7_outputs,0,0.32662892,0.55493665,1.0605692,-0.12733535,-0.21786854,-0.436646,-0.14490312,-0.6383176,-0.34380654
attn_0_7_outputs,1,0.4847431,0.0073721344,0.18084331,0.06571091,-0.77017653,-0.41076136,-0.25970033,-0.7823933,0.42546022
attn_0_7_outputs,10,-0.69080865,-0.24255447,-0.09395867,0.45419163,-0.50165933,-0.7448983,-0.65803117,-1.4499947,0.15503329
attn_0_7_outputs,11,-0.5518762,-0.8583937,-1.579187,0.52654254,0.44318035,0.33920076,-0.55489707,0.9957405,0.39971003
attn_0_7_outputs,12,-0.9019061,-0.31663585,-0.9583955,0.9859717,0.06708651,-0.44277528,-0.02700934,0.18834527,0.70359504
attn_0_7_outputs,13,-0.6927539,-0.11663718,-0.39796072,0.1280896,-0.2244996,1.0043478,-0.48549774,-0.92945236,0.29776788
attn_0_7_outputs,14,0.35877064,-0.23507065,-0.018908026,-0.30567873,-0.41393083,-1.3706136,-0.29904914,0.295375,0.19242752
attn_0_7_outputs,15,-0.68948054,0.22106105,-0.78282976,-0.26607296,0.3383047,0.7937383,-0.13203561,-0.98366594,0.79254925
attn_0_7_outputs,16,-1.0395,-0.646519,-1.250615,-0.9297071,-0.24708718,-0.8518687,0.47539157,1.1998217,1.0335904
attn_0_7_outputs,17,-1.0249118,-0.6508578,-1.2843199,-0.7633151,0.85853934,0.6343639,0.51996595,-0.69574463,0.049548335
attn_0_7_outputs,18,0.24225804,-0.21025176,-0.1615083,-0.75720483,0.79394007,1.0763202,0.7317492,0.005104883,0.057204008
attn_0_7_outputs,19,-2.6301062,-0.47367254,-0.3186236,-0.526716,0.12303608,0.7952069,-0.2155604,0.26357841,0.16500634
attn_0_7_outputs,2,0.6192068,0.56422585,0.22044286,0.19005123,-0.25026143,-0.7267014,0.03062686,-1.2677724,0.08150053
attn_0_7_outputs,20,-1.1432147,0.30340153,-0.5124408,-0.0046195406,0.17443359,0.8383529,-0.1974764,0.8214011,0.4722162
attn_0_7_outputs,21,-0.79536164,-0.20979589,-0.6444837,-0.8772326,-0.48372245,-0.7275551,-0.06673656,-0.1016056,0.5136432
attn_0_7_outputs,22,0.34557492,-0.16318612,0.14054231,-0.031042645,-0.3709562,-0.26367304,-0.06075091,-0.93338495,-0.6613634
attn_0_7_outputs,23,-1.482481,-0.31193906,-0.032865025,-0.5526771,-0.80572057,-0.2308838,-1.4833528,0.89813435,0.23078652
attn_0_7_outputs,24,0.029421333,0.777188,-1.3385293,-0.44324657,0.09207689,0.332853,1.0762714,0.044917468,-0.40924916
attn_0_7_outputs,25,-1.1201226,-0.41298184,-1.0705183,-0.20296162,-1.0041232,-0.17200918,0.3516191,0.8890346,0.4807861
attn_0_7_outputs,26,-0.64410967,-0.7951024,0.60612845,-0.08659496,-0.8289538,-1.3366985,0.19815734,-0.59299415,-0.10317664
attn_0_7_outputs,27,-0.96327496,1.0490643,-1.5184236,0.24454245,0.5593389,-0.37718633,-0.26139772,-0.6053952,0.046013247
attn_0_7_outputs,28,-0.44291928,-0.47857717,-0.91841763,-1.142372,0.71689516,0.008194093,1.1205039,1.0838858,0.3781548
attn_0_7_outputs,29,-0.4851504,-0.5542475,-0.69247,-0.32588232,-0.025705146,0.22701861,-0.25008354,-0.112896584,-0.41582713
attn_0_7_outputs,3,0.7774358,-0.29726928,-0.8457012,-0.059520204,-0.28006327,0.4998493,-0.023110026,-0.5566042,-0.0811708
attn_0_7_outputs,30,-0.37916753,-0.28159997,-1.0944706,-0.48806557,0.49426833,-0.16580883,1.0690393,0.2851147,0.30700243
attn_0_7_outputs,31,-0.7583855,-1.3995695,0.003843737,-0.9037239,-0.091728196,0.42886296,-0.4914168,1.6343731,0.038213816
attn_0_7_outputs,4,0.8815472,0.14829683,0.5105215,1.2567296,-1.5269945,-1.6771393,-0.056957167,-0.53961927,0.28140023
attn_0_7_outputs,5,-0.37173867,-0.7838478,0.7226515,-0.8108809,-0.34383267,-0.57258356,-0.1440352,-0.84114707,-0.008595727
attn_0_7_outputs,6,-0.5522185,-0.19043763,0.7261971,0.42181638,-1.2968203,-0.43511933,0.48309946,-0.392339,-0.12400067
attn_0_7_outputs,7,-0.4614418,0.4488494,0.4972247,1.0148712,-0.74102944,-0.042091165,0.53237957,-0.29305792,0.15956213
attn_0_7_outputs,8,-2.10908,-0.038418073,0.28548422,0.6346574,-0.8431187,0.23098035,0.009299197,0.4012909,0.14312947
attn_0_7_outputs,9,0.80956876,0.257921,-0.21338284,0.42061114,0.4881768,0.35901138,0.29146254,-1.0681123,0.24595436
attn_1_0_outputs,0,-0.070284136,0.8337537,0.22722572,-0.556825,0.97517323,0.5302776,0.96799433,-2.6072168,-0.07223091
attn_1_0_outputs,1,0.1320981,0.15026681,-0.1079485,-0.44543943,-1.0885849,-1.2205386,-1.401923,-0.28266412,0.33425882
attn_1_0_outputs,10,-0.70758116,0.4612139,-0.9967567,0.18378161,-1.2986248,-0.39320424,-0.8708131,-0.81347406,0.961114
attn_1_0_outputs,11,1.461388,-0.7354931,-0.23269556,0.25177062,0.8284387,-1.6371665,-0.9464668,-0.12637118,-0.035128474
attn_1_0_outputs,12,0.26924017,-1.2445768,-0.8086765,1.3044643,-0.9820594,-2.0246801,-1.3813518,0.6362453,0.6785589
attn_1_0_outputs,13,0.5088672,-0.35329902,-1.0782932,0.06672181,-0.41730776,0.8272388,-1.9025439,0.11436315,0.88007563
attn_1_0_outputs,14,-0.10840291,0.4123743,-0.7082216,-0.68541056,-0.011933881,-1.0219147,-1.5058794,-2.617022,0.75525486
attn_1_0_outputs,15,-0.57838345,1.3829565,-1.4091338,-0.6070686,-1.9057293,1.5494581,-1.9999241,-1.452931,0.35898688
attn_1_0_outputs,16,-1.4653975,-1.1234429,1.4602667,0.21256994,-3.743068,-1.0647806,0.87708855,-0.12507282,0.5685743
attn_1_0_outputs,17,-0.6647916,0.9434981,0.33365786,-0.89606863,-0.90971303,2.6175168,-0.81903625,-2.2454987,-0.5853589
attn_1_0_outputs,18,1.0268805,-1.555694,0.09507387,-0.8378411,0.15362774,-1.9858191,0.7529262,-3.1460245,-0.43485588
attn_1_0_outputs,19,0.6312918,0.86708224,-1.1920635,0.17640989,0.47562084,1.5025432,-1.1316,-2.4374552,-0.06421239
attn_1_0_outputs,2,0.026238497,-0.1709622,0.024473595,-0.57557905,0.72112495,-1.1623937,0.34599012,-0.27854025,-0.3526559
attn_1_0_outputs,20,0.015709218,0.37837702,-0.836418,0.5855686,0.7610165,-0.22890514,-1.1142416,1.5287198,-0.79127145
attn_1_0_outputs,21,-0.47180626,-0.065012895,0.6976635,-0.10670702,-2.0093243,0.40954715,-1.2054799,-1.4290851,0.67890304
attn_1_0_outputs,22,0.1939616,0.31478053,-0.4151443,-1.3691589,-0.09299775,-0.61883056,0.16781762,-0.74917567,0.1662193
attn_1_0_outputs,23,-1.0147654,0.046051938,-0.059099406,0.4024402,-1.207909,-0.51174825,-1.3896048,-0.43960434,0.38939905
attn_1_0_outputs,24,-1.9978836,0.72752523,0.13797845,-0.2626001,-1.0424433,1.4920965,1.650676,-1.4429622,-0.8146487
attn_1_0_outputs,25,-0.7967438,-0.7604226,0.38062066,0.035253022,-2.6543276,0.0861049,0.47245035,-0.95569605,0.53772247
attn_1_0_outputs,26,-1.2523699,-0.17669316,0.885022,-0.687458,-2.6415958,-1.2185812,0.5988633,-1.6794634,-0.14044347
attn_1_0_outputs,27,0.21085487,0.72400147,0.08996347,0.5847276,0.0123371165,-1.3589404,-0.81700414,-1.1561354,0.014690684
attn_1_0_outputs,28,-0.55084896,-1.6439576,1.0023097,-0.54086006,0.83108765,-0.9688074,1.8054105,-1.1657479,-0.59458184
attn_1_0_outputs,29,0.6499854,0.029133517,-0.0463151,0.45983043,-0.1193972,0.1242511,0.052742634,0.28528604,-0.10442394
attn_1_0_outputs,3,2.3075404,-0.34944704,-0.62652844,-0.79720306,1.9034055,-2.0270104,-2.2711341,-0.9205374,-0.3860804
attn_1_0_outputs,30,-0.5622034,-1.1285193,0.5017288,-0.88863915,1.3297019,-0.6359203,2.0302806,-0.43117496,-0.40607348
attn_1_0_outputs,31,0.014669347,-0.8953017,0.7161627,0.66865474,-1.8399143,-2.4789102,-0.86631554,0.7705572,0.5834773
attn_1_0_outputs,4,-0.1969586,-0.5775889,-0.37306988,0.13437311,0.824725,-1.5556836,0.10109281,2.230258,-0.040498525
attn_1_0_outputs,5,-0.036511254,-0.32286692,0.66077644,-1.4766059,-1.6306412,-0.48680124,-0.4763681,-2.9467976,0.5242148
attn_1_0_outputs,6,-1.2679461,-0.30707026,0.35241655,0.5382397,-2.1039739,-0.27241683,1.560804,-0.05975639,-0.18779026
attn_1_0_outputs,7,-1.6011323,-0.08764259,-0.0030689703,0.8925248,-2.3264015,-0.82128567,-0.36859342,1.1416881,0.053584546
attn_1_0_outputs,8,-0.22540489,-0.48915246,0.0844647,1.017779,-1.7116071,-0.21231924,-0.6793031,0.53008497,-0.2041366
attn_1_0_outputs,9,0.09853223,-0.5593869,1.0947291,0.25434518,0.15812507,-0.8582719,0.13288024,-0.9030147,-0.13206416
attn_1_1_outputs,0,0.64765537,0.13198754,0.7169797,0.052759923,-0.9728274,-0.72202617,-0.63522744,-0.8240346,-0.04326503
attn_1_1_outputs,1,0.26792404,-0.08996209,0.29085854,1.0735327,-1.1937383,-1.0577031,-0.8920971,-0.9111324,0.3621456
attn_1_1_outputs,10,0.111325905,-0.12063272,-0.17892659,0.059145223,-1.1818262,-1.6735791,-0.54516274,-1.1357499,0.7492657
attn_1_1_outputs,11,-0.1102022,-0.23835091,-0.37576833,-0.51402086,-0.53151387,-0.05098546,-0.35297668,1.1634388,-0.43243897
attn_1_1_outputs,12,-0.12091034,-0.29554036,0.15879011,0.11472991,-0.44599134,-0.4156294,-0.30081028,-0.34684697,0.41133747
attn_1_1_outputs,13,-0.021702418,-0.3335687,-0.23919542,0.4586181,-1.0616869,-0.25921413,-0.53065497,-0.7555042,0.4195807
attn_1_1_outputs,14,0.07564381,-0.09959325,0.028741017,-0.19717084,-0.016754718,-1.7974818,-0.45173818,0.45946804,0.2125162
attn_1_1_outputs,15,0.6736267,-0.13376123,-0.7071072,0.4363938,0.18075132,0.6992807,-1.040512,-0.56644976,-0.18531403
attn_1_1_outputs,16,-0.101377346,0.036578137,-0.30503792,-0.39487424,0.09510091,-0.04351729,0.41389495,1.4803715,0.40659857
attn_1_1_outputs,17,-1.3266138,-0.22193852,-0.42450765,-0.999198,1.1848061,1.1269224,-0.20477998,-0.772099,-0.31142065
attn_1_1_outputs,18,-0.6338852,-0.7686768,0.15081367,0.027568636,0.17372231,0.94631547,1.2256613,-0.45452318,0.059103005
attn_1_1_outputs,19,-0.46038124,-0.14655322,0.0026670282,-1.1350154,0.5031947,1.015867,0.113256805,0.28535724,-0.28066358
attn_1_1_outputs,2,0.19579399,-0.088194974,0.28751016,0.78062147,-0.32679555,-0.40696365,-0.5159518,-0.5174788,0.33973223
attn_1_1_outputs,20,-0.30585825,-0.78476703,-1.1396437,0.21029173,-0.14448425,0.503379,-0.47699073,0.91356796,-0.13566406
attn_1_1_outputs,21,-0.17669879,-0.01562097,-0.24128367,-1.16705,-1.0376037,-0.71491975,0.4309333,-0.24132597,0.055804458
attn_1_1_outputs,22,0.15864272,-0.68591064,-0.25727585,0.5957809,-0.4903111,-0.16647132,0.0072319154,-0.41696897,0.36396575
attn_1_1_outputs,23,-0.43010193,-0.71390986,-0.40311363,0.43384787,-2.783168,-1.0737382,-1.3565375,0.9539767,0.1779218
attn_1_1_outputs,24,-1.3344907,-0.9790188,0.03145328,-0.29327092,0.23214868,0.41351673,0.9444004,0.02819819,0.2489036
attn_1_1_outputs,25,-0.30909604,-0.2058858,-0.743671,-0.49334595,-1.0741142,0.48479068,0.722444,1.2266548,0.045380555
attn_1_1_outputs,26,-0.17053287,0.019079555,0.59028196,0.20075826,-0.80262953,-0.6964705,0.28861293,-0.63197577,0.35453552
attn_1_1_outputs,27,-0.53050166,-0.6172698,0.31275764,-0.64817846,0.14235431,-0.6173539,0.59058803,-0.49092132,0.41886476
attn_1_1_outputs,28,0.5300531,-0.14218542,-0.22865883,-0.106634185,1.2629523,0.76363236,1.0303657,1.2285628,-0.32171634
attn_1_1_outputs,29,-0.617962,-0.19611491,-0.9917266,-0.39743063,-0.3150049,0.83638936,0.34256735,0.119080685,0.28980643
attn_1_1_outputs,3,-0.28673664,-0.12461419,-0.86352706,0.05931612,-0.6329474,-0.012689989,0.019595215,-0.68235415,0.6077483
attn_1_1_outputs,30,0.4734758,-0.35146707,-0.6498173,-0.40805054,0.9233453,0.22896881,0.9689494,-0.98583066,-0.83845687
attn_1_1_outputs,31,-0.13085245,0.035131484,-0.3084534,-0.28185764,0.5600883,-0.079368085,-0.050105028,2.0968266,0.04909121
attn_1_1_outputs,4,1.4958947,0.24774067,0.7727428,1.4116288,-2.4647553,-1.7426577,-0.24698143,-0.3773855,0.29239523
attn_1_1_outputs,5,-0.5776329,-0.68760335,-0.20261076,0.3685661,-1.0109215,-0.5819253,0.1066787,-0.15879154,0.9202629
attn_1_1_outputs,6,-0.33709988,0.92097455,0.62387115,0.11907095,-0.30831015,0.07333274,0.50390464,-0.5285124,0.6226458
attn_1_1_outputs,7,-0.029873932,0.027896255,-0.1806626,0.014915782,-0.53254586,-0.47544885,0.008939241,-0.3349563,0.56472504
attn_1_1_outputs,8,-0.31312513,0.33141926,0.57044566,0.10721065,-0.38805223,0.33574784,-0.0032554374,0.31415263,-0.07065708
attn_1_1_outputs,9,-0.00993543,-0.044075202,0.5642339,0.07586177,0.44349036,0.36608997,0.14400068,-0.870976,-0.37282017
attn_1_2_outputs,0,0.122219205,-0.29880816,0.057694007,-1.3418994,0.38328362,-0.11512761,-0.30976638,-0.6948712,0.33044446
attn_1_2_outputs,1,-0.022369958,-0.28950632,-0.24616721,-0.30043605,1.1356107,-0.16639735,-0.32807294,-0.09658191,0.4408027
attn_1_2_outputs,10,-0.60955936,0.16549031,-0.15677439,-0.52786535,-0.7725471,-0.20726673,-1.2685041,-0.80042624,1.4651482
attn_1_2_outputs,11,1.2201104,-0.58492136,-0.5530829,-1.477499,1.5067018,-1.0516701,-0.7299104,-0.92271835,0.16690494
attn_1_2_outputs,12,-0.63549286,-0.7207413,-0.9457789,1.4058723,-1.1664983,-2.369123,-1.6589775,0.21329597,1.0210102
attn_1_2_outputs,13,-0.28956684,-0.57515585,-0.03911537,-0.12884398,0.46599668,0.18962424,-0.36476207,-1.3958036,0.3010111
attn_1_2_outputs,14,0.54970497,0.5752311,-0.46254322,-0.89973587,1.0302256,-0.5479817,-1.3251705,-0.8192021,0.57612336
attn_1_2_outputs,15,-0.711577,1.899545,-1.3242155,-0.6411231,-1.6072408,1.3421937,-2.2364018,-1.0615014,1.2560099
attn_1_2_outputs,16,-2.250654,-1.4096057,2.1522067,0.67218655,-3.3640094,-2.1060493,2.1094043,-0.81211513,-0.090741426
attn_1_2_outputs,17,-0.42678252,1.6256043,-1.118691,-0.78894985,-1.3514184,2.1698399,-0.3780614,-2.2200623,-0.3844046
attn_1_2_outputs,18,0.5471536,-1.7092469,0.3653323,-1.6838174,-0.86067975,-0.61031806,0.5341434,-1.5041213,0.33783832
attn_1_2_outputs,19,0.52692646,1.4801055,-1.3734311,-0.9248089,0.7371499,1.3152963,-1.5030292,-2.549482,-0.46705106
attn_1_2_outputs,2,-0.4698879,-0.74956465,-0.31512815,-0.58185565,0.6263861,-0.5382187,-0.08649347,0.5663896,-0.06897148
attn_1_2_outputs,20,-0.13607882,0.060499474,-1.7224543,0.82703984,0.31503025,0.7573535,-0.56443965,1.4400073,-0.62639934
attn_1_2_outputs,21,-0.28714457,-2.0007155,0.9143998,-0.05681613,-1.8521917,-1.0898322,-0.51858556,-0.6697701,0.020611854
attn_1_2_outputs,22,-0.024043782,-0.7476922,-0.40592384,-1.4600635,-0.45987204,-0.44605947,-0.3472916,-0.36813682,0.3352284
attn_1_2_outputs,23,-0.9144094,-0.72482467,-0.7528559,-0.37343302,0.8741332,0.34959102,-0.48435917,0.112036414,-0.23077899
attn_1_2_outputs,24,-2.2628229,1.2600678,0.7431931,-0.15766697,-1.2428477,1.0002564,0.57510996,-1.2685939,-0.6499591
attn_1_2_outputs,25,0.6717946,-0.26020718,0.8796303,-0.22154532,-1.0647146,-1.7700313,-0.096380845,-1.4093188,1.1957396
attn_1_2_outputs,26,-0.9697211,0.17304619,0.34975073,-0.55207086,-0.72586787,-1.1639242,0.6339253,-0.8807566,0.9902671
attn_1_2_outputs,27,-0.68604857,0.7480499,-0.6591751,1.5793644,-0.65139973,1.0164983,-1.4001534,-1.5518302,-0.032742243
attn_1_2_outputs,28,-1.757987,-1.3104376,2.263083,0.16123249,-1.9416783,-0.6463959,1.5968051,-0.8375122,-0.76816535
attn_1_2_outputs,29,-0.39363214,0.08985074,-0.0021016097,0.37877715,-0.33506295,-0.9144431,0.15182509,-1.0865067,-0.14142144
attn_1_2_outputs,3,0.9801427,-0.97421795,-0.33942246,-0.25279173,1.3875101,0.08159065,-1.4696417,0.23056261,-0.59436375
attn_1_2_outputs,30,0.74331397,-3.437922,1.369901,-0.69786054,0.13183782,-2.3885202,1.0704414,-1.1475329,-0.8992099
attn_1_2_outputs,31,-0.9461543,-0.35152376,3.5666908e-05,1.791764,-0.84142977,-2.906935,-0.12429231,-0.064566605,0.16082479
attn_1_2_outputs,4,-0.023646878,-0.40983278,-0.4098276,0.4124811,1.1246883,-0.5120115,0.14292665,1.7940651,0.09475472
attn_1_2_outputs,5,0.46728468,0.21993686,0.1606123,-0.85248953,-1.8460203,0.3229062,-0.3499456,0.2122488,0.39397618
attn_1_2_outputs,6,-0.43301404,-0.67387456,0.9835883,-0.55032575,-2.3932815,-0.79210067,0.83947957,0.2355623,0.10970432
attn_1_2_outputs,7,-1.5603179,-0.16261517,0.11923906,1.4337255,-1.6974496,-0.51241267,-0.14492258,0.99372965,-0.08086061
attn_1_2_outputs,8,0.34679222,0.28108692,-0.98895216,-0.64541215,1.1994138,-0.8175069,0.89161795,0.20894913,0.020492041
attn_1_2_outputs,9,-0.27760568,-0.49471745,0.82319695,-0.21094145,-0.48856503,-1.6492755,0.735686,-2.5390742,0.28178948
attn_1_3_outputs,0,-0.48529634,-0.2268867,-0.30415916,-0.09941775,0.12067297,-0.13607968,-0.17839625,-0.41778013,0.12786856
attn_1_3_outputs,1,-0.009725253,-0.31107292,-0.23112787,-0.09662246,-0.2269268,-0.37402958,-0.25790823,-0.5451021,-0.10998993
attn_1_3_outputs,10,-0.19952813,0.25056702,-0.003606735,0.5440697,-0.9093548,0.40922004,-0.2017504,-0.6335811,0.46670687
attn_1_3_outputs,11,-0.07242843,0.17077355,-0.4118807,0.37504083,-0.36253038,0.3058049,-0.55927384,0.6207044,0.20640919
attn_1_3_outputs,12,0.10936199,-0.21567027,-0.33523178,0.77201164,-0.8983817,-0.7396228,-0.642483,-0.22918501,0.31805652
attn_1_3_outputs,13,-0.5669282,-0.12214621,-0.59523946,-0.05346022,-0.1854069,-0.1831965,-0.6276132,-0.9400585,0.30455497
attn_1_3_outputs,14,-0.021462964,0.26781234,-0.3433542,-0.069842994,-0.37379262,-0.31528205,-0.73933804,-0.55447525,0.24934694
attn_1_3_outputs,15,-0.19660099,0.33157986,-0.95604414,-0.19732107,-0.5382594,-0.27965578,-0.45067436,-0.84030706,0.25092086
attn_1_3_outputs,16,-0.26995978,-0.20548114,0.54071784,0.4451779,-1.3234822,-0.08486445,0.38100842,0.23628205,0.2413133
attn_1_3_outputs,17,0.0048027243,0.045463435,-0.19203195,-0.33397976,-0.68851334,0.46114695,-0.9243923,-0.9137024,0.16663907
attn_1_3_outputs,18,0.42873773,-0.19432142,0.22131157,-0.22080553,-0.25556234,-0.15960404,0.20415057,-0.34696466,0.29599306
attn_1_3_outputs,19,-0.3239188,-0.21057813,-0.2212384,-0.04314297,0.22879389,-0.946097,-0.27952555,-0.062437348,0.27567738
attn_1_3_outputs,2,-0.0070725195,-0.12810521,-0.07513707,-0.1441445,0.2990701,-0.40309682,0.041422233,-0.28480756,0.12510361
attn_1_3_outputs,20,-0.28332272,-0.019715777,-1.1038786,-0.08452836,-0.58561856,0.36974028,-1.3321494,1.0352833,-0.3392822
attn_1_3_outputs,21,-0.7025384,-0.2515542,-0.24349564,-0.43315244,-0.7182063,-0.45279163,-0.41143623,-0.8760365,0.23130831
attn_1_3_outputs,22,0.17557779,0.47532967,0.10944257,-0.38012972,-0.6104726,-0.62880415,-0.029690903,-0.60827816,0.33644524
attn_1_3_outputs,23,-0.24434984,-0.11180314,0.2709272,0.49056843,-0.6681984,-0.36288083,-0.08932648,0.7275317,0.26099902
attn_1_3_outputs,24,-0.44516945,0.33271995,-0.071368024,-0.24069972,-0.4680228,0.03494331,0.39312866,-0.68439823,0.023234513
attn_1_3_outputs,25,-0.7997433,-0.14367487,-0.5010194,-0.25233123,-0.7422232,-0.11915138,0.39319077,-0.1476369,-0.013469367
attn_1_3_outputs,26,-0.7209755,-0.7103417,0.3926204,-0.081340134,-0.7478432,-1.3175333,0.5428741,-0.45811763,0.36839733
attn_1_3_outputs,27,0.07982957,0.12797391,-0.12241948,0.100837745,-0.047100253,-0.098152675,-0.9981204,0.16388008,0.34409797
attn_1_3_outputs,28,0.39923176,-1.4485493,0.24007627,0.28545243,0.21758279,-1.3777521,-0.02576615,0.09434057,-0.03531232
attn_1_3_outputs,29,-0.08966821,-0.1739642,-0.020390468,0.089310355,-0.5541538,-0.86503863,-0.20786624,-0.39920434,0.19112113
attn_1_3_outputs,3,0.9429792,-0.30295777,-0.6240527,-0.47574705,0.4701591,-0.3608935,-0.6238527,-0.23010425,0.030174129
attn_1_3_outputs,30,-0.2813407,-0.3773107,0.114493385,0.20640935,-0.085447475,-1.5536758,0.8819374,-0.29515427,-0.41600063
attn_1_3_outputs,31,-0.44392702,-0.5345566,-0.91930157,0.39466003,-0.31620762,-1.5013038,-0.30996838,0.5030837,0.33731368
attn_1_3_outputs,4,-0.1439563,-0.03109854,-0.08344107,0.015836952,-0.61927664,-0.15924764,-0.058080196,0.20734113,0.18450375
attn_1_3_outputs,5,-0.13731754,-0.63175786,-0.3082042,-0.6257053,-0.47922847,-0.43706593,1.1276093,-1.1111053,0.42011797
attn_1_3_outputs,6,0.15126519,-0.13249338,0.49655783,-0.24792024,-0.18025309,-0.7569641,0.25830734,-0.06528272,0.41706407
attn_1_3_outputs,7,-0.34511456,0.2532454,0.5822158,0.88589036,-1.5398242,-0.42240158,-0.35656953,0.48323417,0.022900945
attn_1_3_outputs,8,-0.18562026,-0.47713143,-0.3412638,0.3737248,-1.1501545,-1.1977389,-0.3737013,0.47252706,-0.24740742
attn_1_3_outputs,9,-0.10420846,-0.10351945,-0.106068075,-0.3936731,-0.6455365,-0.7868968,0.01557586,-0.9579875,0.062241726
attn_1_4_outputs,0,0.48198512,0.16866006,0.5138766,-0.9848153,-1.6268106,0.9155231,-1.3805015,-2.0469568,0.8620847
attn_1_4_outputs,1,-1.8087335,-1.2851753,-0.95717883,-1.4238214,-0.43795484,0.17912336,-0.34484667,2.6781797,1.3503088
attn_1_4_outputs,10,-0.72596,-0.5706059,-0.9511886,1.0033606,-0.22879878,-0.41017053,-0.5476165,-1.8683789,0.3228324
attn_1_4_outputs,11,-0.27438334,-0.45532325,-0.3022542,-0.7270883,-1.1943195,-1.1778654,-1.8660371,1.957899,-0.30361754
attn_1_4_outputs,12,-0.9781496,-0.37035674,-0.89424515,0.88667345,0.26060322,-1.1556103,-1.040629,-1.5678782,0.7475089
attn_1_4_outputs,13,-0.2597105,-0.77122575,0.25341657,0.35022655,0.6441002,0.3536599,-0.86149186,-1.0934365,0.41363236
attn_1_4_outputs,14,-0.21461591,0.0686365,-0.13049681,-0.09519382,-0.93648607,0.09848288,-0.5397685,-1.5994639,0.30180845
attn_1_4_outputs,15,-1.6548666,-0.30726868,-1.3644141,0.027201518,1.040133,2.1612358,0.81533366,-1.7169784,0.50750405
attn_1_4_outputs,16,-1.1795067,-1.384662,-0.5418006,-1.7566448,0.3837467,0.45752522,1.9873904,2.1393075,-0.11623905
attn_1_4_outputs,17,0.9973953,1.1885554,-1.914845,-1.1974947,-1.6609436,1.0902019,-0.28919947,-0.5030216,0.21791947
attn_1_4_outputs,18,-0.48994178,-0.040555824,-0.61174154,-0.8654188,1.1185737,0.149244,1.4463843,-1.9508711,0.15522502
attn_1_4_outputs,19,0.19541912,0.26422036,0.51138645,0.2536018,-1.283409,-2.2955477,-0.09956032,-1.8830686,0.4278382
attn_1_4_outputs,2,-0.5986027,-0.82899666,-0.38210356,-0.2671906,-1.4706012,-0.035496596,0.4602494,-0.40970862,0.28882906
attn_1_4_outputs,20,-1.6775281,-0.50523496,-1.1237249,-0.9103048,2.115828,0.7034763,-1.9843183,2.5315332,-1.0253077
attn_1_4_outputs,21,-0.2931774,0.6387174,0.15800378,-0.16977063,-2.0033774,-0.61604017,-1.6334522,-2.7349193,0.91994417
attn_1_4_outputs,22,-0.028742025,-0.26638633,0.36702436,-1.3290486,-1.7483888,-0.7686953,-0.2810461,-0.22918077,0.8396034
attn_1_4_outputs,23,-0.49030203,-1.2085053,-0.13821846,-0.34322935,0.5081082,0.8377637,-0.20244381,1.4204593,-0.14865513
attn_1_4_outputs,24,-1.4666386,-1.6275403,-1.3988043,-1.2662646,-0.85746175,2.4166515,0.1849924,1.1604074,-0.37908226
attn_1_4_outputs,25,0.34970927,0.63817924,-0.10815437,-0.17139046,-0.26786518,-0.21454643,0.8034373,-1.5299336,0.08650036
attn_1_4_outputs,26,0.32662567,0.3617847,1.4531881,0.42712563,-4.177606,-1.308874,-2.0796607,-2.1885438,0.32979923
attn_1_4_outputs,27,0.73619026,-0.87220204,-0.57083845,-1.405598,-0.0077755097,-0.3457388,-1.0433156,0.6360657,-0.10150571
attn_1_4_outputs,28,-2.222276,-0.89305145,0.045022584,-1.6411136,-0.79224545,-0.39317292,2.9096196,0.89703906,-0.9564835
attn_1_4_outputs,29,-1.5346462,-0.30761603,-0.8567408,0.08823805,-1.4204924,0.049004864,-0.09556352,-0.6492231,-0.50818354
attn_1_4_outputs,3,1.4285413,0.14200978,0.31975487,-0.5090951,-1.9282271,-2.444958,-0.5568811,-1.7812028,-0.23035218
attn_1_4_outputs,30,-0.7582095,-0.8297365,0.30849776,0.02207628,-0.06596935,-0.112101026,0.34217027,1.2197667,-0.38177052
attn_1_4_outputs,31,-0.6791269,-0.33290306,-0.695599,0.1551469,1.6636032,-0.7437891,0.52355623,0.5301133,-0.44379064
attn_1_4_outputs,4,0.599333,0.1168104,0.26221883,1.3928534,-0.8072193,-2.3137069,-1.591795,-1.3359511,0.27658057
attn_1_4_outputs,5,-0.95910233,-0.22175382,0.20018625,-0.8611007,-0.570769,-0.43059582,0.5085088,-2.4373908,0.5966629
attn_1_4_outputs,6,-1.8863444,-0.5425954,0.025141597,-0.7321674,1.1867249,-0.11103662,1.0637226,-1.2449194,0.20597893
attn_1_4_outputs,7,0.23391572,0.85852647,0.7303667,-0.34849566,-0.9104637,-2.5355031,-1.3206993,-1.7442513,1.0843433
attn_1_4_outputs,8,0.16824172,-0.32046586,-0.7187152,1.1365625,-1.6521543,-0.56282914,-1.211995,1.450127,-0.28283814
attn_1_4_outputs,9,0.1667207,0.6607837,-0.2929311,-1.4209787,0.009635372,-2.30514,0.48372716,0.6674335,0.2675835
attn_1_5_outputs,0,0.012778639,-0.10658055,-0.54576755,-0.13255467,0.7157521,-1.020527,0.45617893,-0.5552356,0.14669393
attn_1_5_outputs,1,-0.004517907,-0.0691928,0.023280798,-0.1075067,-0.07219781,-0.28289866,0.43366244,-0.3725601,0.17113657
attn_1_5_outputs,10,-0.13656504,0.08193085,-0.3513842,-0.44002536,-0.9886778,-0.04078582,-0.85374063,-0.63337547,0.32058522
attn_1_5_outputs,11,-0.3310135,0.16560091,0.49521685,-0.5079699,0.06810223,-0.92299736,-0.51284075,0.0071286345,-0.19728176
attn_1_5_outputs,12,0.014665455,-1.0793827,-0.29172662,0.47870097,0.06638807,-0.6389155,-0.61706257,0.80450267,-0.15390201
attn_1_5_outputs,13,-0.8506352,-0.3887579,-0.6718958,-0.6266291,-0.5856343,-0.06979016,-0.89334977,0.4289966,0.2953253
attn_1_5_outputs,14,-0.22685462,0.35152498,-0.27670252,-0.5401262,-0.27826244,0.035152666,-0.31250447,-0.65065217,-0.039862808
attn_1_5_outputs,15,-0.21696337,0.07554793,-0.6646689,-0.45569548,-0.006306376,-0.20818755,-0.6843781,-0.372381,0.085979715
attn_1_5_outputs,16,-0.46496972,0.07716851,0.40437466,-0.115001634,-1.2297692,-0.5708511,0.2164384,0.14274639,0.34831843
attn_1_5_outputs,17,0.15500079,0.44622627,-0.26084337,-0.116483696,0.24841146,-0.35940072,-0.20101425,-1.337027,0.2150124
attn_1_5_outputs,18,-0.059613083,0.43377084,0.20149994,-0.4432631,0.11987429,-0.4788595,0.051194414,-0.41547987,0.11352346
attn_1_5_outputs,19,-0.5409476,0.13424681,-0.31152758,-0.086303785,-0.5793343,-0.1739977,-0.46104923,-0.6373164,-0.39935678
attn_1_5_outputs,2,-0.35356227,-0.37583303,-0.45216262,-0.5646508,-0.36573717,-0.2865623,-0.3781252,-0.11780406,-0.25546452
attn_1_5_outputs,20,-0.06111897,0.37900072,-0.2871294,-0.080515444,-0.30312932,0.40031025,-0.76073736,-0.25071707,-0.14376143
attn_1_5_outputs,21,-0.25225362,-0.27551565,-0.2725508,-0.2310792,-0.34088656,-1.3761867,0.31611896,-0.053378653,-0.0006499078
attn_1_5_outputs,22,0.24411291,0.44771025,0.1298954,0.08799376,0.021603402,-0.7032266,0.07224986,-1.301752,-0.08051942
attn_1_5_outputs,23,-0.45613274,0.050956707,-0.102328286,-0.11249384,-0.5663609,-0.1140313,-0.28957412,-0.4308363,0.08208039
attn_1_5_outputs,24,-0.3834052,0.6251071,-0.09297841,-0.79581004,-0.4152594,1.0829281,-0.5307601,-0.4265415,0.07864193
attn_1_5_outputs,25,-0.7795492,-0.27638316,-0.39207703,-0.34780145,-0.72442424,-0.24123552,-0.15204404,-0.41118845,-0.070859686
attn_1_5_outputs,26,-0.24024174,0.20528501,0.021454453,-0.28368556,-1.1309242,-0.30876794,0.16155402,-0.76959497,0.14769934
attn_1_5_outputs,27,-0.17789853,0.06494661,-0.15211178,-0.05268877,0.30892688,-1.2766546,-1.0145556,-0.51056486,0.44811487
attn_1_5_outputs,28,-0.80697054,-0.16190138,0.25954545,-0.05062417,0.3441173,-0.79241693,0.84774023,-0.08802325,0.36513063
attn_1_5_outputs,29,0.091066286,0.8272897,0.069328494,-0.17819381,0.22999321,-0.33983007,0.6215923,-0.30109927,0.40063772
attn_1_5_outputs,3,0.34260172,-0.20359513,-0.55638236,-0.26117587,0.24642502,-0.544513,0.22295994,-0.82228214,0.15872525
attn_1_5_outputs,30,0.21552661,-0.17140609,0.30835256,0.03673307,0.39870963,-0.08302167,0.39966246,0.41088134,0.09959416
attn_1_5_outputs,31,-0.7315944,0.36723894,-0.17110932,-0.31745768,-0.37517306,-0.86057365,-0.81405157,0.17049335,-0.4063334
attn_1_5_outputs,4,0.3817818,-0.09908476,-0.12264851,0.09057518,0.27343708,-0.07352371,-0.115944535,0.15661867,0.1979001
attn_1_5_outputs,5,-0.43908203,-0.1712906,0.30274302,-0.77202463,-0.81322306,-1.3894114,-0.048539203,-1.2604111,0.12878677
attn_1_5_outputs,6,0.24959798,0.12444309,-0.5278128,-0.47276163,-0.6781992,-0.8594182,-0.13806802,0.1452885,0.13800414
attn_1_5_outputs,7,-0.3492336,-0.21274129,0.14661948,0.57068545,-1.7357008,0.16834508,0.38571227,0.6370937,0.1934626
attn_1_5_outputs,8,-0.33761403,0.05170611,0.08866074,0.3167469,0.52267957,0.14098309,0.13804382,0.8411213,-0.007454568
attn_1_5_outputs,9,-0.13652785,-0.37128288,0.18944393,0.10767919,-0.21527556,-0.7460678,-0.14687823,-0.3864835,-0.097909875
attn_1_6_outputs,0,-0.094292894,-0.51530516,-0.05509017,-0.4200393,-0.30296475,0.6421063,-0.34770593,-0.24908388,-0.05131539
attn_1_6_outputs,1,-0.32301533,-0.38244092,-0.5869344,-0.4357295,-1.0814935,-0.7514454,-0.6441461,-1.2850153,1.0598891
attn_1_6_outputs,10,-0.7064076,1.0919428,-0.072690845,0.09935331,-1.080912,1.2512027,-0.9618462,-0.42630708,-0.19327983
attn_1_6_outputs,11,-0.010478607,-0.07307206,-0.5157717,-0.684944,-1.0127625,-0.5059054,-0.59297514,0.17145805,0.29719275
attn_1_6_outputs,12,0.26820794,-1.0721709,-0.6965794,0.17705981,0.17702045,-1.8387731,-1.8166678,0.45085758,0.2521909
attn_1_6_outputs,13,1.342708,-2.1176708,0.6025961,-0.9516259,1.075077,-1.8513218,-0.466874,-1.8175304,-0.852238
attn_1_6_outputs,14,0.19008268,-0.047984853,-0.22048733,-0.49684668,0.45218116,-0.6799633,-0.036998812,-0.6743421,0.07579526
attn_1_6_outputs,15,-0.45061815,0.7357248,0.065777786,-0.3735192,-0.49068975,0.5377882,0.24363004,-0.77292955,0.14753212
attn_1_6_outputs,16,-2.252572,-0.43387353,1.4315426,-0.5809821,-1.2378341,-1.3653076,1.9756691,0.15073347,-0.060392886
attn_1_6_outputs,17,-1.6331338,1.6181821,0.11583214,-1.0101295,-1.113478,1.3219198,-0.7880522,-1.7666111,-0.269026
attn_1_6_outputs,18,-0.02692041,-0.30446193,0.37842196,-0.88913405,0.98994225,-1.4450032,0.2861788,-2.435695,0.13826916
attn_1_6_outputs,19,-0.093134426,0.2200903,-0.27375403,-0.58783835,-0.10600578,0.3292418,-0.10245362,-0.2808638,0.37103403
attn_1_6_outputs,2,-0.32425115,-0.8459023,0.102910824,-1.3934882,-0.6009191,-0.5706519,0.16395578,-1.8441259,-0.14578494
attn_1_6_outputs,20,0.06609769,-0.1417844,-1.439757,0.3638329,-0.14865512,-0.47878405,-1.2567745,0.06588005,-0.007282067
attn_1_6_outputs,21,-0.3197035,-0.31727847,-0.539231,-0.33545884,0.28802368,0.23699977,0.1410859,-0.5631426,0.72026235
attn_1_6_outputs,22,-0.06830447,0.44028795,-0.31202063,-0.65672547,-1.5988913,-0.8989569,-1.0688488,-1.9260218,0.49885473
attn_1_6_outputs,23,-0.7986027,-1.0487547,-0.99400914,0.13975444,-0.53415614,-0.09914835,-0.46085146,1.0170617,0.5001607
attn_1_6_outputs,24,-1.022659,-0.28171083,0.05604112,-0.014898365,-1.7812508,1.3209397,0.1986667,0.6349813,-0.13786776
attn_1_6_outputs,25,-1.0243949,-0.40886867,0.43776202,-0.49722636,-0.44277367,0.09921545,-0.06610528,-0.94023436,0.09118493
attn_1_6_outputs,26,-0.42939064,0.00033237555,0.36260447,-0.70709544,-1.2883135,0.49714714,0.5760687,-1.1760147,0.12977807
attn_1_6_outputs,27,-1.1305195,-0.43527356,-1.5515237,1.5546981,-0.98642176,-0.6601645,-1.580679,-0.3094062,0.13297676
attn_1_6_outputs,28,-1.438317,-1.0476407,0.53544456,1.1912271,-0.44338757,-1.4867034,0.8125171,0.7929169,-0.61014193
attn_1_6_outputs,29,-0.601323,-0.18462089,-0.37270737,0.03834491,-1.1585803,-1.0793998,-0.4659241,-0.08587486,-0.024491834
attn_1_6_outputs,3,0.6500118,-0.067907095,-0.22625801,-0.693583,1.3474276,-0.89488375,-0.32164192,-0.35277656,-0.029389326
attn_1_6_outputs,30,0.24819788,0.3025205,0.37064517,0.1556534,-0.35218284,-0.27902645,0.07806518,0.21855478,0.06744059
attn_1_6_outputs,31,0.3527393,-1.3303089,0.3252681,0.28551602,0.9424118,-0.5899406,-0.43554178,0.18310125,-0.11461693
attn_1_6_outputs,4,0.5030632,-0.29495898,0.71866244,0.31546402,0.120961495,-1.3169855,-0.12148623,0.36883637,-0.27489737
attn_1_6_outputs,5,-0.5187962,0.0907401,0.06129799,-1.1175709,-1.3056198,-0.69239664,0.27250916,-0.7994663,0.7288197
attn_1_6_outputs,6,-0.1869612,-1.3307835,0.52297693,0.47266784,0.9495031,-1.55926,1.3768424,-0.79237914,-0.41192746
attn_1_6_outputs,7,-0.6561123,0.10708206,-0.25994745,0.63745844,-0.9344214,0.017040268,0.08891072,0.9608375,-0.23868869
attn_1_6_outputs,8,-1.4047182,0.2938451,-1.0896856,0.71547633,-1.2971588,-0.39599368,-1.2333986,1.2660437,0.49713817
attn_1_6_outputs,9,-0.40225497,-1.9192533,0.8265294,-0.4492425,-0.15935038,-1.060829,0.9354533,-1.5720074,-0.7176634
attn_1_7_outputs,0,-0.33418992,-0.32381058,-0.016455237,-0.3793806,-0.27545026,-0.32283187,0.20001918,-0.22466694,0.16857198
attn_1_7_outputs,1,-0.12903225,-0.014588722,0.030219015,-0.06797966,-0.59920543,-0.20246203,-0.49865055,0.18181154,0.18103844
attn_1_7_outputs,10,-0.50117004,0.2752787,0.1624196,0.027407754,-1.2380574,0.09723756,-0.8283515,-0.3090266,0.5926848
attn_1_7_outputs,11,-0.39670798,0.45288363,-0.30161065,-0.11503355,0.038787547,0.10746436,-0.8347088,-0.11629011,-0.23414877
attn_1_7_outputs,12,-0.33672485,-1.0217845,-0.17485574,0.10547274,0.10573836,-1.461023,-0.85835224,-0.023993015,0.26856625
attn_1_7_outputs,13,0.07779552,-0.13363758,-0.38466164,0.21089977,-0.37009293,-0.16977435,-0.28477162,-0.44768006,0.48453453
attn_1_7_outputs,14,-0.23163818,0.29697245,-0.2701624,-0.12412822,-0.4785185,0.35987464,-0.9841845,-1.1119313,0.12430249
attn_1_7_outputs,15,0.24098319,0.45591873,-0.3927669,-0.2771346,-0.96557397,0.80529404,-0.78322345,-0.9899939,0.14115943
attn_1_7_outputs,16,-0.33489558,-0.6479525,0.47748098,0.31414527,-2.721449,-1.6455425,0.14873931,0.13179955,-0.20981641
attn_1_7_outputs,17,-0.14800814,0.23020707,0.025975168,0.080931984,-0.050311636,0.5914061,-0.18837036,-0.36223498,0.42971677
attn_1_7_outputs,18,0.08253379,-0.54386693,-0.3069891,-0.70374703,-0.117224015,-0.6766243,0.10736758,-0.1339881,-0.025708118
attn_1_7_outputs,19,0.60599476,0.09417473,-0.23137747,-0.28042576,0.99936926,-0.19574174,-0.31905088,-0.28484023,0.07567227
attn_1_7_outputs,2,-0.11693656,-0.19465435,0.4727518,-0.089613065,0.29763046,-0.18979932,0.26359916,-0.45998386,0.09533317
attn_1_7_outputs,20,-0.25319108,0.08051946,-0.48471645,0.45975706,-0.1904523,0.37837327,-0.9069237,0.5397375,-0.33417693
attn_1_7_outputs,21,-0.37256193,-0.3989411,0.3223302,-0.22794816,-1.0969044,-1.5001241,0.14612724,-0.6693373,0.14989392
attn_1_7_outputs,22,-0.060091183,0.304217,-0.4678224,-0.17702737,0.6092638,-0.24633077,0.21521366,-0.7771641,0.043187577
attn_1_7_outputs,23,-0.4991251,0.009358854,0.064443335,0.015227646,-0.7505242,0.04931252,-0.47919783,-0.12367991,-0.123159744
attn_1_7_outputs,24,-0.21501021,0.61033183,-0.06036811,-0.5473217,-0.36547792,0.011694519,0.046312306,-0.47240844,-0.013819621
attn_1_7_outputs,25,-0.9114633,-0.12864129,0.15749995,-0.45813355,-0.5862708,-0.89331526,-0.37471738,-0.69150674,-0.27372643
attn_1_7_outputs,26,-0.7783272,-0.669189,0.36268756,-0.35284653,-1.4456412,-0.77741677,0.29158682,-1.784026,-0.03028899
attn_1_7_outputs,27,0.30098304,0.0026830211,-0.37650868,-0.031675454,-0.62352365,-0.28935224,-1.0891802,-0.24777284,0.19393323
attn_1_7_outputs,28,-0.064645424,-0.1528785,-0.06378936,-0.00527298,0.01096449,-1.0317196,0.57857466,-0.2374483,-0.58896303
attn_1_7_outputs,29,-0.604306,-0.11232097,0.36601925,-0.36709067,-0.32875022,0.6112803,-0.06978559,-0.28755274,0.028434562
attn_1_7_outputs,3,0.3788922,-0.23227118,-0.13580656,0.084902085,0.79748046,0.455276,-0.2794149,-0.5395411,0.25149775
attn_1_7_outputs,30,0.6610915,0.15018336,0.38343573,-0.054540683,-0.5330329,-0.47776374,0.7041626,0.63011616,0.1428474
attn_1_7_outputs,31,0.24131913,-1.1365756,0.28560963,-0.21467745,0.52831686,-1.6383439,-0.52976745,0.22671409,-0.15079553
attn_1_7_outputs,4,0.01580101,0.0022657188,0.12583537,0.059705276,-0.31113753,-0.6077205,-0.19170992,-0.20515443,0.010298723
attn_1_7_outputs,5,-0.052296754,-0.46388757,0.1364824,-0.517272,-0.4281524,-0.5447296,0.9505549,-1.5708,0.8557254
attn_1_7_outputs,6,-0.14934766,-0.6820489,0.82815206,0.06941479,-1.2266971,-1.4350264,0.08683593,-0.011060263,-0.4382756
attn_1_7_outputs,7,-0.8463756,-0.07020878,0.059746232,0.13099511,-2.0262856,-0.50792056,-0.3375565,0.074368924,0.13765272
attn_1_7_outputs,8,-0.45553163,-0.47463775,-0.38464588,0.3948923,-0.9134412,0.045754127,-0.66298336,0.76869285,-0.10402476
attn_1_7_outputs,9,-0.14885618,-0.81450343,0.28219676,-0.14054534,-0.3124031,-1.0600119,0.056449268,-0.40256655,-0.2976382
mlp_0_0_outputs,0,-0.028688293,0.233669,-0.22619648,0.3641283,-0.21144395,0.21806611,-0.054726746,-0.40670863,0.63555354
mlp_0_0_outputs,1,0.35675332,0.047349688,-0.23861174,-0.61546254,0.19150877,0.12092703,-0.10777696,-0.55161065,0.14467806
mlp_0_0_outputs,10,0.0032044004,0.21640429,0.43594605,-0.3861606,0.054410987,0.23873574,-0.25211337,0.2872492,0.2148742
mlp_0_0_outputs,11,-0.36003605,-0.123227395,0.25698015,0.12816232,-0.3392525,0.2956361,0.16414301,-0.20827965,0.26302412
mlp_0_0_outputs,12,-0.86357194,-0.26950827,0.5530683,-0.33016306,-0.2246105,0.051859826,-0.3094504,-0.4135191,0.28177235
mlp_0_0_outputs,13,-0.27436203,-0.08310154,0.53374374,0.324972,-0.65008444,-0.030003319,-0.35528076,-0.13172828,0.5644287
mlp_0_0_outputs,14,-0.45717952,0.59934336,0.18970533,-0.0159024,0.2357266,0.69921124,0.05607571,0.35707918,-0.39690056
mlp_0_0_outputs,15,-0.19821167,0.21513739,0.11391864,0.31050226,-0.37076822,-0.16242987,-0.2484907,-0.029322304,0.26141527
mlp_0_0_outputs,16,0.14770691,-0.39763716,-0.30190173,0.097811595,-0.24176407,-0.059331086,-0.007450081,0.35644066,-0.429205
mlp_0_0_outputs,17,-0.43834835,-0.28920838,-0.7164536,-0.4815314,0.026755286,-0.13161387,0.054188397,-0.1719307,0.16333538
mlp_0_0_outputs,18,-0.27529332,-0.2753631,-0.45301592,0.5615342,-0.46156472,0.2925319,0.4904697,0.2228393,-0.5123631
mlp_0_0_outputs,19,-0.17545363,0.22590908,-0.23840174,-0.23063394,0.17391314,-0.39853784,-0.24510965,-0.17888439,0.67182374
mlp_0_0_outputs,2,-0.18163766,-0.12838568,-0.021643205,-0.39983562,-0.5061739,-0.47642407,-0.21508512,-0.6673226,0.034166265
mlp_0_0_outputs,20,-0.21465726,-0.20636746,0.11872256,0.4913678,-0.5628118,-0.3358526,-0.21987696,0.44893393,-0.23787372
mlp_0_0_outputs,21,-0.5054405,0.2866653,-0.09198061,-0.047891926,-0.4802703,0.3443404,0.17163005,-0.035202146,0.24972929
mlp_0_0_outputs,22,-0.10693293,-0.35111937,-0.08409304,0.06911036,0.30855778,0.815065,0.6613185,0.67992646,0.07973228
mlp_0_0_outputs,23,0.045645073,-0.4630897,0.361804,-0.1764455,-0.6610834,0.20626654,-0.96651083,-0.3525893,-0.44210175
mlp_0_0_outputs,24,-0.23395823,0.13766268,0.3443388,-0.5135206,-0.47074205,0.26175144,-0.68054855,-0.048477028,0.002547161
mlp_0_0_outputs,25,-0.22587588,-0.03657325,-0.23361783,-0.88069034,-0.33641466,0.05863441,-0.2982223,0.36956125,0.22988884
mlp_0_0_outputs,26,-0.13590677,0.122861676,-0.20027635,-0.1332568,-0.013314972,0.09671608,0.034852307,-0.003461579,0.31700808
mlp_0_0_outputs,27,-0.061197042,0.14091301,-0.2019663,-0.06678224,0.36000428,0.08150265,0.26437896,-0.25324482,0.7322897
mlp_0_0_outputs,28,0.05904485,-0.7664731,-0.101776436,-0.43569952,0.17432043,0.11633669,-0.121094674,-0.0029426757,-0.1735669
mlp_0_0_outputs,29,-0.3344223,-0.59876144,-0.23234288,0.06909472,0.18135372,0.28928328,0.60186505,0.60642177,0.37926266
mlp_0_0_outputs,3,-0.018242696,-0.69181454,-0.8504209,-0.7585721,-0.0127164265,-0.17564122,0.8198188,0.11099424,0.08746666
mlp_0_0_outputs,30,0.022676747,-0.19227321,-0.034328222,0.02910804,0.14962938,-0.04196206,0.17385127,0.3161747,0.33046907
mlp_0_0_outputs,31,0.47114298,-0.056592498,0.28659496,0.21868956,0.18767478,-0.47850168,0.51935786,0.90826136,-0.18962596
mlp_0_0_outputs,4,0.072505206,1.0006245,0.013894971,0.29595184,0.18121016,-0.28685722,0.1638536,0.2343207,-0.05540571
mlp_0_0_outputs,5,0.3211008,0.47069556,0.34325263,0.49090245,-0.45026332,0.24831681,-0.41855803,0.15116076,-0.019085608
mlp_0_0_outputs,6,0.033041403,-0.30739737,0.0026166583,0.4221288,0.15312669,-0.5253787,0.035055164,0.15416253,-0.097225845
mlp_0_0_outputs,7,-0.41145077,-0.2950962,0.083181955,-0.38958687,0.07235134,0.213649,0.42899257,0.48364115,0.17413005
mlp_0_0_outputs,8,-0.7498306,-0.13970286,-0.5562027,-0.008321882,-0.42377177,-0.2827089,-0.26432332,0.6105902,-0.2673546
mlp_0_0_outputs,9,0.4271122,-0.16448438,-0.38610026,0.19720975,-0.23453063,-0.9213153,0.13782138,0.61101013,-0.059918895
mlp_1_0_outputs,0,-0.6773415,0.031395715,-0.09520762,0.04823326,0.05663586,-0.3437116,0.11574928,-0.19396417,0.26970235
mlp_1_0_outputs,1,0.26592824,0.61215806,-0.33396545,-0.037816484,0.30184585,0.19987841,-0.08873061,0.14054416,-0.21922015
mlp_1_0_outputs,10,-0.07808888,-0.48894638,0.2755653,0.17427538,-0.34269866,-0.28144315,0.044378273,-0.064427786,-0.0075334692
mlp_1_0_outputs,11,0.2238344,0.4722956,0.011850574,0.16089109,0.46785316,0.2929751,-0.3444986,-0.5149455,0.4581609
mlp_1_0_outputs,12,0.036136966,-0.08142408,0.02032237,0.22340293,-0.16119945,0.3203969,-0.5819157,-0.113640554,0.19343776
mlp_1_0_outputs,13,-0.55447304,-0.058530636,0.4437932,-0.7970026,-0.45067674,-0.6133493,0.43437594,0.20120776,0.045648515
mlp_1_0_outputs,14,-0.17757064,-0.15300597,0.07392696,0.22896871,-0.581965,0.052057944,-0.20278843,0.25192943,0.80831885
mlp_1_0_outputs,15,-0.14103167,-0.13492128,-0.50091845,0.24902509,-0.6306376,-0.22200821,0.06705913,-0.36048087,0.55060476
mlp_1_0_outputs,16,-0.25372264,0.72640806,0.13049084,0.037757352,0.3668678,0.14573823,-1.4286177,-0.11430654,0.039936535
mlp_1_0_outputs,17,-0.021999208,-0.21858966,-0.18068889,0.06554736,0.045262035,-0.24000795,0.004001083,0.53497726,0.20929113
mlp_1_0_outputs,18,0.018707395,0.26905188,-0.016742835,-0.40047455,-0.2722283,-0.30842784,0.25362316,-0.7934953,-0.22178563
mlp_1_0_outputs,19,-0.49879107,-0.49809134,-0.4777016,0.034687858,-0.5435002,-0.6617853,-0.7040706,-0.469535,0.23548386
mlp_1_0_outputs,2,-0.482671,-0.62520635,-0.56015545,0.46632883,-0.16302507,-0.68750817,0.1274805,0.12186169,0.2282943
mlp_1_0_outputs,20,0.10569211,0.15667796,0.2553944,0.23703381,0.27890483,0.20236714,-0.69841194,0.2894334,-0.046222292
mlp_1_0_outputs,21,-0.17460154,-0.7749014,-0.06268535,0.10796859,0.55526656,0.18832386,-0.08969401,-0.37491012,-0.2388032
mlp_1_0_outputs,22,0.11742159,0.18355773,0.31309584,0.17626959,0.77235913,0.42472285,-0.50165784,0.16303024,-0.52764636
mlp_1_0_outputs,23,-0.00290952,-0.3434195,-0.3559992,-0.16019551,0.30804718,-0.28936645,-0.48139796,0.43959498,0.3747602
mlp_1_0_outputs,24,0.117040135,-0.3430719,-0.3100707,0.23090522,0.21317758,-0.07740853,-0.1679329,-0.06338071,0.076920405
mlp_1_0_outputs,25,0.5355038,0.57726914,-0.49924225,-0.04731479,-0.043925002,-0.36987448,0.19260855,0.30288643,0.17488153
mlp_1_0_outputs,26,0.15123531,-1.0705346,-0.47293913,-0.44734642,-0.16641004,-0.5162857,0.47570977,0.6733958,1.0054002
mlp_1_0_outputs,27,-0.14101648,0.110410854,-0.53800297,-0.37675336,0.20339784,-0.03421856,0.07037244,-0.6971423,-0.010962653
mlp_1_0_outputs,28,0.04397349,-0.0042825523,-0.2774457,-0.36263505,-0.34348783,-0.035922684,0.119247876,0.5605603,-0.016764184
mlp_1_0_outputs,29,-0.2701927,0.086343236,-0.18005031,-0.09700758,0.19684045,0.033843108,-0.3615716,0.5799604,-0.37763968
mlp_1_0_outputs,3,-0.139312,0.11507276,-0.2546034,0.13293359,0.09024414,-0.020567758,0.3105417,0.3882251,0.54340214
mlp_1_0_outputs,30,-0.25400156,0.3099149,-0.17959705,-0.22457907,0.11126494,0.16718923,-0.47408834,-0.2793595,0.28578213
mlp_1_0_outputs,31,-0.14370868,-0.84844905,-0.4587858,-0.19253041,-0.25147218,-0.8258825,-0.03630483,0.5032224,0.065643914
mlp_1_0_outputs,4,-0.15290426,0.011741543,-0.26603892,-0.04956527,-0.11433495,-0.23626998,-0.1515311,-0.5605697,-0.08507384
mlp_1_0_outputs,5,-0.41982633,0.12991428,-0.19714516,-0.227324,-0.53857213,-0.86530966,-0.19379714,-0.81336254,0.13740051
mlp_1_0_outputs,6,-0.07861781,0.42872873,-0.17264366,-0.075128384,0.14531814,0.009660834,-0.42403618,-0.05388128,0.08838768
mlp_1_0_outputs,7,0.055939503,0.25201336,0.29172185,0.12691747,-0.12254078,-0.2937864,-0.46870488,-0.23155202,-0.056959312
mlp_1_0_outputs,8,0.22954288,0.37310708,-0.24371958,0.158629,-0.17668484,0.53287625,0.32296783,0.1273958,0.48897406
mlp_1_0_outputs,9,-0.1268599,-0.52550167,-0.31843936,-0.52226895,-0.88465863,-0.33411118,0.6253485,0.016343268,0.83169353
ones,_,0.3335832,0.13826945,0.045934994,-0.5140312,-0.0055289054,0.048194796,-0.24601385,0.029537505,0.060341317
positions,0,-0.03493474,-0.2061563,0.23668137,0.11118161,-0.23488027,0.516232,0.3378283,0.5758759,-0.42464772
positions,1,0.8953178,0.35288766,1.2704527,1.4828458,-10.330555,-11.105899,-12.836825,-13.022596,0.16860652
positions,10,-0.20341548,-0.25950652,-0.82615286,-1.0747203,1.0783024,0.9286384,-0.3295113,-0.40668923,-0.15000457
positions,11,-0.036585372,-0.16686134,-0.5610809,-0.6042286,1.3732898,-0.009192767,0.43152684,-0.6382102,0.02513405
positions,12,0.15505373,-0.17365725,-0.6892896,-0.409879,0.66081494,0.32754225,-0.031843953,-0.38758653,-0.37111887
positions,13,-0.65154666,0.12209772,-0.6314248,-0.6764187,0.36779723,1.0938907,-0.1202775,-0.869245,-0.20424719
positions,14,-0.22893734,-0.08426393,-0.6912805,-0.86008054,1.3226622,1.1923344,0.09920146,-0.9068864,0.26386333
positions,15,-0.50380665,-0.25473702,-0.88066393,-0.6756083,1.2016846,0.713631,-0.19015433,-0.19317065,-0.07600157
positions,16,0.32858047,0.048982184,-1.5118963,-1.149937,-0.13667476,0.06412418,-0.74707395,0.42313406,-0.0071174884
positions,17,-0.40740925,0.028445154,-0.75235456,-1.290234,-0.25687355,1.385619,-0.5071749,0.13864289,-0.38435757
positions,18,0.5570659,-0.62076724,-1.0957228,-0.6368478,1.5835283,1.7340058,-0.5081906,-0.3620988,-0.62725234
positions,19,-0.14133757,-1.2994846,-0.727959,-0.056478318,1.5457305,1.4801896,0.38810062,-0.68457085,-0.22162168
positions,2,-1.2044545,-0.22556335,-1.8736192,-1.2306058,-0.047693655,0.29172653,1.2201507,1.4945285,0.073590875
positions,20,-0.69830585,0.039848935,-0.86306053,-0.49491814,1.7576485,0.34338808,-1.180484,-0.11438653,-0.4570521
positions,21,-0.03028617,-0.1664811,-1.2080832,-1.0692902,-0.72694427,0.24915639,-0.32722065,0.11701905,-0.2504031
positions,22,-0.42877775,-0.6097186,-1.2256984,-1.0358319,1.4560738,2.226865,-0.319778,0.34861696,-0.29551187
positions,23,0.8211308,0.05897224,-1.285639,-0.8378109,0.09901838,-1.318301,-0.11697012,0.02536107,-0.4498539
positions,24,0.1822185,0.5362788,-1.2691445,-0.28206396,-0.48706692,0.24843083,-0.19265236,-0.11076647,-0.37241653
positions,25,0.11282635,-0.3911885,-0.44087073,-1.0978702,1.4240915,0.9143786,-1.2331592,0.6786614,-0.83979344
positions,26,-0.25613105,-0.69540745,0.014450842,-0.31537938,2.3982902,-0.17529528,-1.0686467,1.3830043,-1.2538928
positions,27,-0.32328415,-1.3541466,-0.49655637,-1.0315435,2.2834206,0.47142047,-0.77752244,0.82865494,-1.3386186
positions,28,-0.2220851,-1.0121839,-2.0460713,0.13477355,1.3450198,0.9028839,0.26683888,-0.28476402,-0.31296694
positions,29,0.46385926,-3.3714683,-4.016488,-2.7933612,-0.71471304,2.1489925,-0.90178585,1.997831,-0.44650513
positions,3,0.31227604,0.092606954,-0.7434588,0.22188912,-0.16217907,0.40323684,0.4650267,1.211239,-0.0822224
positions,30,-1.5797046,-1.3697798,-1.900371,-1.7520745,-2.3477902,-1.6384763,-3.3172917,-1.0231448,2.7410216
positions,31,0.14861122,0.13873675,-0.29567635,-0.47280228,0.13685031,-0.03401525,-0.2969025,-0.26989734,0.32493553
positions,4,0.09287684,-0.13082139,-0.27079296,-0.51705515,0.46927792,0.15207097,-0.050005734,-0.47029784,0.22981484
positions,5,0.23755038,-0.6018783,-0.6293518,-0.47323352,0.44827235,-1.2007884,0.5343395,-0.77540636,-0.19982888
positions,6,-0.22408248,-0.18054584,-0.9416669,-0.8119571,-0.3440746,-0.8531214,0.5877037,-0.7523559,0.15726049
positions,7,-0.23406127,0.29049265,-0.67380166,-0.4317612,-0.28515312,0.04532737,0.09338388,0.19702294,-0.2544493
positions,8,-0.16766635,-0.20383976,-1.1206937,-1.0743417,0.28435832,1.5169,0.104931325,-0.046343107,-0.19413078
positions,9,-0.40093914,-0.9664803,-0.6455525,-0.45353627,0.20331576,1.322279,0.33566344,0.32677,0.17016107
var0_embeddings,0,-0.8342082,-1.9233902,-0.6576177,-1.1720152,-1.1115308,1.1020266,0.4229211,-1.1923047,0.8543742
var0_embeddings,1,-0.9377785,-1.9249082,-0.938617,-1.2589374,-0.24207011,0.77798325,-1.5006257,-2.4780297,0.71794766
var0_embeddings,10,-0.5958034,-1.0977149,-0.9926999,0.06437618,-0.8846863,-1.1245451,-1.2588515,-0.76280826,1.8336207
var0_embeddings,11,1.502137,0.4785234,0.8263752,1.5466077,1.7650269,-0.3155772,-1.5784345,-0.48420474,-1.8741584
var0_embeddings,12,1.4762357,-1.2483594,-0.6277737,0.13367765,-1.814981,-4.3071103,-1.7301509,1.6581016,0.2665981
var0_embeddings,13,-1.8460811,2.6481905,-2.0298893,-1.8401212,1.1664832,0.4584218,1.5079374,-0.54440486,0.5255004
var0_embeddings,14,-1.4124851,-2.3631477,-1.0122496,1.3335769,2.2458062,-0.73762304,-0.4515987,-1.2005137,1.057023
var0_embeddings,15,1.3123146,2.0503497,-2.047788,-1.9725355,-3.1824894,2.1686556,-1.2010131,-1.8801196,0.52796847
var0_embeddings,16,0.78272057,-2.4582355,1.388454,1.6963663,-1.1391051,-0.71028763,2.4976156,1.1031042,-1.9729873
var0_embeddings,17,1.416134,1.4838367,0.70913184,-0.21633641,-0.3000887,1.1872897,0.01751571,-0.35694447,-1.2974153
var0_embeddings,18,1.9943724,1.4000251,1.400992,-1.8914303,0.31948632,-4.078408,1.0838051,0.10897597,-0.21669339
var0_embeddings,19,0.94751847,1.2872586,-0.47827923,0.14725912,2.00263,1.5752708,-1.6349316,-2.4962268,-0.6219777
var0_embeddings,2,0.09612127,-1.3063806,-1.4858022,-1.2762586,-0.11774206,-1.270743,-1.2254474,-2.2081063,0.5905747
var0_embeddings,20,0.76314914,0.95754904,-0.6004219,0.6226864,0.7460493,0.5595994,-0.34875375,1.6957041,-0.58058774
var0_embeddings,21,0.9707847,-1.6926036,0.415115,1.8825829,0.73532736,-1.7420207,0.7945021,1.2961627,-1.4317052
var0_embeddings,22,-1.5270095,-2.465941,0.5927741,-0.622139,0.833145,0.13455278,0.19644204,-2.3001935,1.2225158
var0_embeddings,23,-1.9081657,-1.3624017,-1.6631798,1.9668123,-3.1689355,-0.64380324,-1.3634228,0.5455194,0.84076965
var0_embeddings,24,-1.7716119,-1.8045793,0.35153013,-2.1925018,-1.2771868,1.6934851,1.3863075,1.2553537,-0.07968934
var0_embeddings,25,-1.4142637,1.7016023,1.5381972,2.157088,1.0872875,0.600628,1.1807947,-1.3908229,-0.5020639
var0_embeddings,26,-1.6052095,-0.48144683,1.3068769,-1.0442048,-0.3683802,-0.8884087,-0.14035696,-1.6260005,0.48628342
var0_embeddings,27,1.4882828,-1.5189258,0.8275189,1.2962604,-0.4228977,0.56744814,-1.4988875,1.8317881,-1.379804
var0_embeddings,28,1.1405201,0.1943174,1.2432064,0.73196703,-0.088503495,-0.118795805,2.2920537,0.96818244,-1.0597315
var0_embeddings,29,0.4614467,0.73465085,1.1478664,0.79482436,0.41645935,-0.3520127,0.11943049,1.6521851,-1.0923734
var0_embeddings,3,-0.3564521,-0.19919713,-0.6153051,-1.5963075,-0.5180359,-1.4912566,-1.6319512,-2.8197608,0.6320635
var0_embeddings,30,0.4515457,-0.27761495,1.1055659,-1.2843894,2.1816611,-1.5625546,1.7090722,-0.24470729,-0.7113442
var0_embeddings,31,1.1419313,0.8874655,0.6306029,2.5694797,-0.31500402,-2.6908882,0.3525158,3.2057574,-1.5626792
var0_embeddings,4,-1.8075976,-1.5599529,-1.3165426,-1.685488,-2.5654063,-1.9989727,-0.95020777,-1.8258808,1.5488496
var0_embeddings,5,-1.0337808,-0.61803865,0.683559,-1.6004999,-1.352444,-1.4860756,1.1310588,-1.2959046,1.0926838
var0_embeddings,6,-1.2233183,-0.49163678,-0.47610477,-0.3626264,-0.431679,0.17942378,-0.9029673,-1.0366696,-0.099491574
var0_embeddings,7,-1.2238501,2.256248,-0.76377326,-0.7794378,-2.267675,1.0311623,0.17923562,-1.1014569,0.38964477
var0_embeddings,8,1.0460286,0.52682734,0.41682047,0.022221033,-2.375532,-3.1127646,0.080568604,0.34378806,-0.8353364
var0_embeddings,9,1.5546291,-0.9633277,0.88460726,-1.724364,-2.261226,-1.6662896,-0.2539252,0.9926264,-0.8163011
var1_embeddings,0,0.15803902,-1.0177245,1.6964182,0.22275962,-1.0490576,1.1485455,2.16182,-1.426007,-0.43697912
var1_embeddings,1,-2.1074405,2.33427,-1.7071195,-0.1933435,-3.7271163,-2.1759777,-3.1348643,1.7698313,1.4580494
var1_embeddings,10,2.4540265,-1.9790297,-0.47805294,2.3500206,-1.9291049,2.5645761,-1.8991085,0.5011408,-1.1393858
var1_embeddings,11,-1.1222537,3.0054932,-0.5521629,-1.3692832,1.4633478,2.5028841,0.47051477,0.66318566,-1.6629418
var1_embeddings,12,1.3591172,-0.26530713,-0.15913539,1.0900899,-0.8908638,-2.0867743,0.45384043,2.2421494,-0.73567283
var1_embeddings,13,-1.4736235,1.9863732,2.5659664,-1.8080944,2.4541028,-0.9937233,-0.19693972,1.1564448,-2.1099534
var1_embeddings,14,2.4687827,-1.6811289,1.6341511,-3.1372337,3.019431,1.7464315,1.8033482,-2.7979193,-1.0565568
var1_embeddings,15,0.16166128,1.3578421,2.1517224,0.56285864,1.1686268,-2.1073399,1.5893183,-1.1171553,-1.5212237
var1_embeddings,16,-1.244838,0.43958962,0.10288711,-0.8279793,-2.1600661,-2.6840048,0.2941113,-2.3743193,0.74709314
var1_embeddings,17,-2.3922064,-0.46703666,-0.81112516,-0.5897113,-5.949648,1.0171754,-2.3422883,-0.27234676,1.2090787
var1_embeddings,18,1.7907715,-1.9390507,1.7783853,0.096141666,-0.35795334,-2.7609105,1.5589318,-0.16930677,-1.6693525
var1_embeddings,19,2.4496298,0.27582708,0.19847143,-0.53820807,-1.2880074,0.83766514,-0.7819038,-1.9521893,0.081934884
var1_embeddings,2,-2.2843258,-2.0372472,2.8461294,1.2959108,1.6519296,-3.2030835,2.1385226,2.2300658,-1.6685826
var1_embeddings,20,0.101401255,-0.25267935,0.053814977,-0.63113415,-1.5386825,-0.90242875,0.028413009,-1.254926,0.5765128
var1_embeddings,21,-1.9873798,-1.166911,-0.9913964,-2.2332728,-0.28592947,-0.07811793,0.7470428,-3.3793764,1.4288874
var1_embeddings,22,-0.09151149,-2.9821162,3.1495166,-1.4785595,-1.3760743,-4.8698773,-1.2267164,-1.2825805,1.4740483
var1_embeddings,23,-0.38269344,-0.45478112,0.028459253,2.7259626,-1.7386998,-1.3972704,-0.55636835,3.022151,-1.6063828
var1_embeddings,24,-0.06947479,1.3186871,-0.40552226,2.216281,-0.7935251,1.3846192,0.43925872,0.079862855,-0.8144001
var1_embeddings,25,-2.0433059,-2.8456886,-0.84703183,-2.4605272,1.8136638,-1.7547512,-0.56939095,-1.960532,1.6299574
var1_embeddings,26,-1.6148515,-2.0822282,-1.6978123,-1.8330624,-2.4296832,-0.5731951,-0.941336,-1.4820077,1.1216128
var1_embeddings,27,-3.0549455,-3.3328183,-1.8217487,-0.30304572,1.0330957,-1.5658519,0.46051311,-1.818448,1.9082618
var1_embeddings,28,-1.7878424,2.1376657,0.06352985,1.6353143,-3.4444196,2.0086725,-1.2426074,-0.06681968,-0.5257932
var1_embeddings,29,-1.9741529,-0.29272437,-1.4354776,2.702888,-0.67616105,0.94318026,1.471414,2.1628227,-2.2104924
var1_embeddings,3,1.4470754,0.04392164,0.8224057,-0.5827037,2.0288,-0.2588509,0.21772979,-0.7098367,-1.1808707
var1_embeddings,30,3.411985,-2.4754117,-1.4879918,-2.7001874,1.8220956,0.26250812,2.1498973,-1.1514184,-1.2080746
var1_embeddings,31,-2.1995344,-1.5728544,-0.13543218,-0.60403997,-2.1824758,-1.5224811,-1.7356387,-0.2928772,1.7901095
var1_embeddings,4,-0.33192033,-2.451817,-1.358388,2.6121674,-3.0720253,-2.6335626,-1.9489484,2.7974372,0.2165827
var1_embeddings,5,-1.6189191,-2.1615512,-1.4969023,-1.3230256,-3.1500416,-0.9887348,-2.3184574,-2.3207085,1.948688
var1_embeddings,6,-1.2623707,-2.7048116,1.3546474,-1.4727868,-2.4606705,-2.2594013,-1.5453005,-0.41766846,1.4008715
var1_embeddings,7,1.9124228,1.3893673,-0.04231306,-0.02499711,-1.9701355,-0.84554714,2.2234082,-1.9216818,-0.82364523
var1_embeddings,8,2.0389311,1.7979829,1.1043234,-1.2531904,0.3251199,-1.4450167,-0.14383936,0.8869703,-1.1354061
var1_embeddings,9,-1.8570656,0.5949159,-1.9499071,-1.7412078,-2.5314145,0.47515377,-2.331935,-4.729665,2.0254886
var2_embeddings,0,2.0490398,2.9839058,-0.07491062,-0.8880229,0.580106,-1.1430509,1.3801014,-1.6950507,-1.8658987
var2_embeddings,1,-0.4329327,-2.4955306,0.6182422,3.0198581,-1.7758046,-4.1239557,-1.8776344,2.7939012,-1.1380634
var2_embeddings,10,0.8604484,0.9262234,-1.8124796,-2.4428935,-1.5812082,1.1521935,-2.1267495,1.2313544,-0.056911647
var2_embeddings,11,2.635581,-1.2923154,1.4435282,-1.6262879,-2.7208436,-1.8825341,0.92721343,0.7979961,-1.5758514
var2_embeddings,12,1.9782993,-0.96808946,-0.8102218,-2.3137567,2.949353,0.43862224,-1.5293577,-3.6247706,1.0029842
var2_embeddings,13,-1.5172596,-1.9683374,-0.77770245,0.007866118,-1.8630342,-2.5583456,-0.43851462,-0.80466914,1.4280899
var2_embeddings,14,-1.7336427,1.1939512,-1.1655041,-1.6916591,-4.3025618,-2.0706651,-1.6368699,-2.3453162,2.1555295
var2_embeddings,15,1.1558342,0.22478604,0.6148508,-0.5277747,0.88801694,2.8525794,0.8059012,-1.2369531,-1.4818788
var2_embeddings,16,-1.715279,-2.3064654,2.3978517,2.4730835,-2.6964545,-2.538607,-1.2436256,-0.5963661,0.84269816
var2_embeddings,17,-2.7434266,0.04247967,-1.1634855,1.8188632,-0.6835312,0.7172304,-1.3267522,0.28569633,0.61458427
var2_embeddings,18,-1.5005589,-1.5284065,-1.8519561,-1.5879556,-1.289675,-1.908355,-0.5044607,-2.6643293,2.0477023
var2_embeddings,19,-1.6802201,-2.1837792,-1.829527,-2.2979233,-0.48574466,1.1428922,-0.32942954,-2.6098146,1.7532235
var2_embeddings,2,-0.05018768,-1.6640095,2.7016015,0.8294149,0.019043678,-0.39832866,-1.0625979,-0.18895565,-2.09877
var2_embeddings,20,0.08826558,0.39555076,-2.3219066,0.46930036,2.5192275,1.8551188,0.85092413,1.8478202,-1.7421724
var2_embeddings,21,-0.97992986,-0.8129646,1.5244819,-1.572085,-0.73983216,-1.7802037,0.8913697,-1.3446676,1.3609713
var2_embeddings,22,1.3113462,0.261433,0.78081,0.9540183,1.38576,-1.3490307,0.37967068,0.91931766,-1.3655664
var2_embeddings,23,0.50570136,1.1526506,1.3534838,1.0620859,-2.0220985,-0.15288635,-0.8874601,-0.31076995,-1.0826105
var2_embeddings,24,-1.888307,1.6127831,-0.76671344,1.76327,1.0585948,0.22815397,-1.8877586,1.6414828,-1.4557056
var2_embeddings,25,-1.9972162,-2.0127192,-1.8379892,1.5371894,0.17023173,0.15170585,0.3729773,1.4165621,0.21398683
var2_embeddings,26,-2.6460297,-1.6097744,-0.51536334,-1.9888064,-0.38990647,0.42111176,1.7819488,-2.0006294,1.2903262
var2_embeddings,27,-1.9398112,-3.387535,-2.2210605,2.5139556,-0.18586943,-2.9907181,-2.185812,1.7637672,1.5164378
var2_embeddings,28,-2.8772488,2.2130435,-1.7420727,-1.8525503,2.5309007,0.044941213,1.6543034,-1.5712411,-0.248193
var2_embeddings,29,0.81920564,-1.2995083,1.5178568,0.6356092,2.4448056,1.1213228,1.8451717,-1.0220549,-1.6062777
var2_embeddings,3,0.6220649,-2.3557503,2.422413,-2.3683813,-2.1450958,-1.9507779,1.6397175,-0.5837552,-0.35258347
var2_embeddings,30,0.22225694,-1.5349826,-0.34011936,-1.541611,-4.2537923,-1.0869521,0.13698806,-1.8116263,1.7293442
var2_embeddings,31,0.76484376,0.16370314,1.0928982,-0.47320303,-0.004274919,0.3966065,-0.21071924,1.3718784,-1.6975514
var2_embeddings,4,0.98593944,-0.5741135,0.23553175,2.310336,-0.8114764,-1.2413517,0.37610695,2.5625467,-1.4874599
var2_embeddings,5,0.52241874,2.3687742,0.9638941,-2.3971786,-1.5974461,1.293279,0.95261025,-1.8957595,-1.6831398
var2_embeddings,6,-0.3710146,-0.19747107,0.05305579,-0.40649188,-0.59122163,0.12882997,-0.6252069,-0.44254795,0.95500624
var2_embeddings,7,-1.4092102,-2.4050481,-0.8635992,-1.9509665,-3.5101871,0.41883177,-1.6277839,-0.62197524,1.6981279
var2_embeddings,8,2.1586623,1.4255602,1.1665024,-1.2856543,-0.13736668,-0.30511323,-0.5238657,0.21656749,-1.3441623
var2_embeddings,9,-1.247033,-1.1962719,-0.42836413,-0.60265917,-1.450599,-1.7057732,-0.7553286,-0.022087933,0.93507123
var3_embeddings,0,-2.0725946,3.4455006,0.51600564,-2.156769,-3.5047312,1.2873911,-1.5618988,-1.540946,1.1433196
var3_embeddings,1,-0.7174088,-1.0109664,-0.7585977,2.0428975,-2.166774,-1.2865405,-0.7828787,-0.18281996,0.98855233
var3_embeddings,10,1.052366,0.09548598,-1.4860797,-0.948941,-1.9208775,2.7918847,0.17979205,1.7043755,-0.64219064
var3_embeddings,11,-0.793311,-1.2855755,-0.7776684,2.9068537,-3.2631674,-2.0546587,-1.4930459,-0.41118303,0.95704573
var3_embeddings,12,2.4921978,-2.0714047,-0.8626544,-2.0726614,-1.8969429,-1.6432359,-0.031424098,0.14032228,0.18432166
var3_embeddings,13,1.4955298,-0.53310275,-1.6968633,-0.66098326,2.5192003,-0.5467447,1.9123894,-0.26276132,-0.798297
var3_embeddings,14,-2.12637,-2.5241797,-1.1856204,-1.6882334,-0.594,0.78676295,-0.34902215,-2.5679688,0.989305
var3_embeddings,15,1.351839,1.7598649,1.3940434,-1.4898332,0.95428324,1.7781001,0.92313755,-0.33767754,-1.017724
var3_embeddings,16,-0.6305635,-0.404522,1.7949823,1.5132741,-1.7782723,1.0605806,1.9471582,-1.7999425,-0.7297337
var3_embeddings,17,-3.02447,1.2210441,-1.6359346,-2.569817,0.12719646,2.6431067,-1.96222,-1.116965,1.0730611
var3_embeddings,18,2.278096,0.85426605,2.8051052,-2.066574,1.3809518,-0.46067286,-1.0229834,-2.6222985,-0.9107335
var3_embeddings,19,-1.591679,-2.432765,-0.89131606,-0.4795882,-1.280205,-1.8802516,0.7110824,-0.28033358,1.1959038
var3_embeddings,2,-0.21188205,-0.0025390212,1.8421991,-0.06526269,1.3141177,0.8403848,1.389865,-0.010634139,-1.5527554
var3_embeddings,20,1.3273866,1.4500289,-1.2975047,2.6726763,0.15303236,-1.6926194,-1.4104035,1.0681411,-1.8882319
var3_embeddings,21,-1.2980865,-2.2391236,-0.8845314,-2.1636147,-3.8790982,0.24408804,-1.7547328,-2.3565254,1.6018231
var3_embeddings,22,-1.9193501,-2.7570639,0.3303119,-0.9674342,-2.227987,-1.3631717,-1.4697746,-2.1040866,2.0690765
var3_embeddings,23,1.6286024,1.5591748,1.5543587,1.7955346,-3.076788,-0.6359977,-1.9848588,0.3381507,-1.1845053
var3_embeddings,24,-2.0231445,1.526021,0.4389996,0.79538804,-0.70536035,1.4338053,-0.19426413,-0.5194036,-1.2391148
var3_embeddings,25,-1.9545441,-2.0463004,-0.48231182,-1.1959174,-0.5003452,0.5895129,1.1319788,-1.880845,1.1493915
var3_embeddings,26,-2.5442684,0.23087211,-1.4417738,-1.1237195,-0.69863796,1.3186313,-2.1314385,-2.7220948,2.178034
var3_embeddings,27,0.98913646,1.8674957,-1.1035123,2.5176642,-1.7538472,0.19578923,-1.6869744,1.2214512,-1.7576971
var3_embeddings,28,0.03052695,0.65524024,1.9248042,1.3621126,-1.408038,-0.4517771,0.36442974,1.2877024,-1.4296494
var3_embeddings,29,-0.23977934,2.3913639,0.6381836,1.3031327,-2.0947587,1.4605632,-0.4192285,1.1490374,-1.5177394
var3_embeddings,3,-1.2151794,-2.0829585,-0.6545483,-1.4242702,-0.3911057,-2.3923187,-0.7119673,-0.30243042,1.4503207
var3_embeddings,30,-0.29535636,-0.01664375,-0.7164734,1.0945077,1.4854721,0.36992207,0.42275953,-0.115477495,-0.5000156
var3_embeddings,31,1.4743979,-0.017039834,1.0083574,1.2331135,-0.39706728,-2.0165935,0.61357313,1.1666017,-0.70256054
var3_embeddings,4,-0.8515125,-2.1254961,-0.75590914,-0.29422086,0.9959898,-0.69847715,0.6803669,-1.1366323,1.4978409
var3_embeddings,5,0.57106817,-1.7005383,2.6566887,-1.820333,-2.0275595,-1.5643346,-1.1504242,-2.5790515,1.5389397
var3_embeddings,6,1.2849101,-1.1527426,1.3225561,-0.13927767,0.8727814,-2.6425266,1.1287793,0.9684984,-1.2738031
var3_embeddings,7,-1.250148,-2.6110563,-1.2712617,-1.8518763,0.546981,-1.3725924,0.06350251,-2.423063,2.1775966
var3_embeddings,8,-2.063111,-1.4100552,-1.5351683,2.2678246,-1.8680692,-2.881984,-2.506281,2.6454973,0.74932194
var3_embeddings,9,1.8848219,-1.9679147,1.0084851,0.9591765,0.6986428,-2.1899912,1.5935173,0.33985716,-1.7907096
